RiskType,Qualifier,Bucket,Label1,Label2,Amount,AmountCurrency
FX_VEGA,USD/EUR,,1Y,,871280.4251155747,GBP
FX_VEGA,USD/EUR,,1M,,89149.40987690055,EUR
FX_VEGA,GBP/JPY,,1Y,,310163.3059174975,GBP
FX_VEGA,GBP/JPY,,1Y,,75041.26590422627,EUR
FX_VEGA,GBP/JPY,,6M,,18967.66944853194,EUR
FX_VEGA,GBP/JPY,,6M,,714264.9194424293,EUR
FX_VEGA,GBP/JPY,,6M,,264934.22961477144,GBP
FX_VEGA,USD/EUR,,1M,,67586.09426839868,USD
FX_VEGA,USD/EUR,,1Y,,183493.341741083,GBP
FX_VEGA,USD/JPY,,1Y,,651500.2980556343,GBP
FX_VEGA,GBP/JPY,,1Y,,403218.93906471255,USD
FX_VEGA,USD/EUR,,6M,,375920.0485090712,GBP
FX_VEGA,USD/EUR,,6M,,806381.9796691401,GBP
FX_VEGA,GBP/JPY,,1M,,632454.1168688908,EUR
FX_VEGA,USD/JPY,,6M,,602383.9299675352,EUR
FX_VEGA,USD/JPY,,1M,,678559.4437396948,EUR
FX_VEGA,USD/EUR,,1M,,276054.8523018847,USD
FX_VEGA,USD/EUR,,1Y,,745030.8736667852,GBP
FX_VEGA,USD/JPY,,6M,,762172.5203917538,EUR
FX_VEGA,USD/JPY,,6M,,766993.5631230169,GBP
FX_VEGA,GBP/JPY,,1M,,629049.1972193144,GBP
FX_VEGA,GBP/JPY,,1M,,823838.7163550908,GBP
FX_VEGA,USD/EUR,,1Y,,104574.05268303877,EUR
FX_VEGA,GBP/JPY,,6M,,889098.9605394275,GBP
FX_VEGA,GBP/JPY,,1M,,187145.65766746507,GBP
FX_VEGA,USD/JPY,,1Y,,445859.48661339167,EUR
FX_VEGA,USD/JPY,,1M,,685138.805392536,EUR
FX_VEGA,GBP/JPY,,6M,,215875.19950722274,EUR
FX_VEGA,GBP/JPY,,1Y,,624400.3909989722,GBP
FX_VEGA,USD/EUR,,1Y,,754246.5355747897,GBP
FX_VEGA,GBP/JPY,,1M,,266880.496059216,GBP
FX_VEGA,USD/JPY,,6M,,272998.1424220847,EUR
FX_VEGA,USD/EUR,,1Y,,886522.3270209315,GBP
FX_VEGA,USD/JPY,,1Y,,170611.70594895142,EUR
FX_VEGA,USD/JPY,,1M,,799765.8955154392,USD
FX_VEGA,USD/JPY,,1M,,530212.2064080695,USD
FX_VEGA,USD/JPY,,1M,,512742.3528750558,USD
FX_VEGA,GBP/JPY,,1Y,,101532.3836831601,GBP
FX_VEGA,USD/EUR,,1M,,199722.90775380557,GBP
FX_VEGA,USD/JPY,,1Y,,615908.3897434431,USD
FX_VEGA,GBP/JPY,,6M,,127875.35674662264,EUR
FX_VEGA,GBP/JPY,,1M,,929614.1576299883,GBP
FX_VEGA,GBP/JPY,,1Y,,458186.02256008395,USD
FX_VEGA,USD/EUR,,1M,,798120.552678393,GBP
FX_VEGA,GBP/JPY,,1Y,,334918.0832592451,GBP
FX_VEGA,USD/JPY,,1M,,738560.0568008672,GBP
FX_VEGA,USD/EUR,,6M,,782550.518684443,EUR
FX_VEGA,USD/JPY,,1Y,,478026.0852717072,EUR
FX_VEGA,USD/EUR,,1Y,,701248.7226539635,USD
FX_VEGA,USD/JPY,,6M,,348133.637433456,USD
FX_VEGA,USD/JPY,,1M,,324374.45135517244,GBP
FX_VEGA,USD/JPY,,1M,,906847.8920665147,USD
FX_VEGA,USD/JPY,,1Y,,364530.3913204916,USD
FX_VEGA,USD/EUR,,1Y,,230060.5487626149,GBP
FX_VEGA,USD/EUR,,1Y,,547431.338024013,USD
FX_VEGA,USD/JPY,,6M,,285961.90441145364,USD
FX_VEGA,GBP/JPY,,6M,,645714.0010396898,USD
FX_VEGA,GBP/JPY,,1Y,,231432.87491095706,USD
FX_VEGA,USD/EUR,,1Y,,768521.3335776409,USD
FX_VEGA,USD/EUR,,1Y,,748194.2302213009,USD
FX_VEGA,GBP/JPY,,1M,,284289.0620339702,GBP
FX_VEGA,USD/JPY,,1Y,,486208.957752246,USD
FX_VEGA,USD/EUR,,1M,,603509.9379043995,EUR
FX_VEGA,GBP/JPY,,1M,,565115.5443945155,GBP
FX_VEGA,USD/JPY,,1Y,,757162.441748624,EUR
FX_VEGA,GBP/JPY,,6M,,212008.88616279207,USD
FX_VEGA,USD/EUR,,1M,,219359.26210965018,GBP
FX_VEGA,USD/EUR,,1M,,443754.56262196257,USD
FX_VEGA,GBP/JPY,,6M,,981062.4298233866,EUR
FX_VEGA,USD/JPY,,6M,,841075.6792129147,USD
FX_VEGA,USD/EUR,,1M,,686497.95869097,USD
FX_VEGA,USD/EUR,,1M,,409064.78830015037,GBP
FX_VEGA,USD/EUR,,1M,,496061.8665250545,USD
FX_VEGA,USD/EUR,,6M,,822547.2371694746,USD
FX_VEGA,USD/JPY,,1Y,,526427.8795305986,USD
FX_VEGA,USD/JPY,,6M,,442884.4091082257,USD
FX_VEGA,USD/JPY,,1M,,243495.92672112992,GBP
FX_VEGA,GBP/JPY,,6M,,711193.8168699617,EUR
FX_VEGA,GBP/JPY,,6M,,284099.29492496967,GBP
FX_VEGA,USD/EUR,,1Y,,708855.519087739,USD
FX_VEGA,USD/EUR,,1M,,623552.2423069436,EUR
FX_VEGA,GBP/JPY,,1M,,467377.0876656224,GBP
FX_VEGA,USD/EUR,,6M,,563870.7611281492,GBP
FX_VEGA,USD/JPY,,1Y,,65397.133195977054,GBP
FX_VEGA,USD/JPY,,1Y,,535755.2685899797,USD
FX_VEGA,USD/EUR,,1Y,,41078.80192230563,EUR
FX_VEGA,USD/EUR,,1Y,,240590.7414281146,EUR
FX_VEGA,USD/JPY,,1M,,271476.6560121696,EUR
FX_VEGA,USD/EUR,,6M,,981914.1719848467,USD
FX_VEGA,USD/JPY,,6M,,563783.2477547859,USD
FX_VEGA,GBP/JPY,,1Y,,721362.3530196224,GBP
FX_VEGA,USD/EUR,,1M,,997253.4191090113,GBP
FX_VEGA,USD/EUR,,1M,,283857.14186100534,GBP
FX_VEGA,GBP/JPY,,1Y,,630871.7115046979,EUR
FX_VEGA,USD/EUR,,6M,,409057.22988361726,GBP
FX_VEGA,USD/JPY,,1M,,592648.7185841633,GBP
FX_VEGA,USD/JPY,,6M,,23941.192302155512,USD
FX_VEGA,GBP/JPY,,1M,,220406.15569205413,EUR
FX_VEGA,GBP/JPY,,1M,,560595.7931222597,USD
FX_VEGA,USD/JPY,,1M,,161123.6702543366,USD
FX_VEGA,USD/EUR,,1Y,,94670.30537932849,USD
FX_VEGA,USD/JPY,,1Y,,297177.033708564,EUR
FX_VEGA,GBP/JPY,,1M,,846274.7468869429,USD
FX_VEGA,USD/JPY,,1M,,615660.3434063519,USD
FX_VEGA,USD/EUR,,1Y,,719036.2601304959,EUR
FX_VEGA,USD/EUR,,6M,,869889.8757477511,EUR
FX_VEGA,USD/JPY,,1M,,425692.16506625206,EUR
FX_VEGA,USD/EUR,,1Y,,765442.6317194718,USD
FX_VEGA,USD/EUR,,6M,,328443.49222004786,GBP
FX_VEGA,USD/EUR,,1Y,,247059.92582247913,GBP
FX_VEGA,USD/JPY,,6M,,890116.2960157159,EUR
FX_VEGA,USD/EUR,,1M,,71350.62678732269,USD
FX_VEGA,GBP/JPY,,6M,,558066.5969802532,GBP
FX_VEGA,USD/JPY,,1M,,85432.28848104988,GBP
FX_VEGA,GBP/JPY,,1M,,834034.6257839461,GBP
FX_VEGA,GBP/JPY,,6M,,783467.2162927213,USD
FX_VEGA,GBP/JPY,,1Y,,12378.843366088966,USD
FX_VEGA,GBP/JPY,,6M,,836406.9427981792,USD
FX_VEGA,USD/EUR,,1M,,472843.3535795774,EUR
FX_VEGA,GBP/JPY,,1M,,982003.9148112211,GBP
FX_VEGA,USD/EUR,,1Y,,908906.3499692645,GBP
FX_VEGA,GBP/JPY,,6M,,15658.512273651835,USD
FX_VEGA,GBP/JPY,,6M,,533250.2329851098,EUR
FX_VEGA,USD/JPY,,1M,,737377.173426682,GBP
FX_VEGA,USD/JPY,,6M,,696138.1208664292,GBP
FX_VEGA,GBP/JPY,,1M,,318222.20674362854,GBP
FX_VEGA,USD/EUR,,1Y,,686518.26560866,GBP
FX_VEGA,GBP/JPY,,1M,,573521.2145982896,EUR
FX_VEGA,USD/JPY,,6M,,959907.2259625993,EUR
FX_VEGA,USD/JPY,,6M,,668759.162180233,GBP
FX_VEGA,GBP/JPY,,6M,,315865.76541480864,EUR
FX_VEGA,USD/EUR,,1M,,857701.6755749689,USD
FX_VEGA,USD/EUR,,6M,,152973.77025301207,GBP
FX_VEGA,USD/JPY,,1Y,,33355.50642870427,EUR
FX_VEGA,USD/JPY,,1M,,506192.52491065016,EUR
FX_VEGA,USD/EUR,,6M,,894141.4359618028,USD
FX_VEGA,USD/JPY,,6M,,731885.3147065783,USD
FX_VEGA,USD/JPY,,1Y,,545119.9049492436,EUR
FX_VEGA,GBP/JPY,,6M,,885691.2348232444,EUR
FX_VEGA,USD/JPY,,6M,,291402.58749976807,GBP
FX_VEGA,GBP/JPY,,6M,,918870.8890556273,EUR
FX_VEGA,USD/JPY,,1M,,579013.6776333443,GBP
FX_VEGA,USD/JPY,,6M,,444685.53163169615,USD
FX_VEGA,USD/JPY,,6M,,542972.8927044992,USD
FX_VEGA,GBP/JPY,,1M,,858759.2381631228,USD
FX_VEGA,USD/JPY,,6M,,512659.7679578083,USD
FX_VEGA,GBP/JPY,,6M,,807157.3917374606,EUR
FX_VEGA,USD/JPY,,6M,,920433.7457206467,EUR
FX_VEGA,USD/EUR,,1M,,879554.1108219993,USD
FX_VEGA,USD/EUR,,1Y,,928318.3940648405,GBP
FX_VEGA,USD/EUR,,1M,,605212.2133012058,GBP
FX_VEGA,USD/JPY,,1Y,,314565.2985562855,GBP
FX_VEGA,GBP/JPY,,1Y,,454010.33578162745,EUR
FX_VEGA,GBP/JPY,,1Y,,17238.694443962042,USD
FX_VEGA,USD/EUR,,6M,,645776.2393455411,USD
FX_VEGA,USD/EUR,,1Y,,482040.6228152744,GBP
FX_VEGA,GBP/JPY,,1M,,205282.05875121613,EUR
FX_VEGA,USD/EUR,,1Y,,778150.9793763915,EUR
FX_VEGA,USD/JPY,,1Y,,540546.2602344749,EUR
FX_VEGA,USD/EUR,,1Y,,881062.4586832029,USD
FX_VEGA,USD/JPY,,1Y,,55623.67162649596,USD
FX_VEGA,USD/EUR,,6M,,683564.7816243159,USD
FX_VEGA,USD/EUR,,1M,,805300.919685184,GBP
FX_VEGA,USD/EUR,,1Y,,620382.180358599,USD
FX_VEGA,GBP/JPY,,1M,,14607.447109106894,EUR
FX_VEGA,GBP/JPY,,1Y,,772081.1039677593,GBP
FX_VEGA,GBP/JPY,,1M,,606564.7854694437,GBP
FX_VEGA,GBP/JPY,,1Y,,508633.4196100696,USD
FX_VEGA,USD/EUR,,1M,,531127.575719637,GBP
FX_VEGA,USD/JPY,,1Y,,785984.200837657,EUR
FX_VEGA,USD/JPY,,1M,,377329.3468873788,USD
FX_VEGA,USD/JPY,,6M,,834026.7761490821,GBP
FX_VEGA,GBP/JPY,,1M,,633072.5433271604,GBP
FX_VEGA,USD/JPY,,1M,,540666.1333340869,GBP
FX_VEGA,USD/EUR,,1Y,,637809.4792137182,USD
FX_VEGA,USD/JPY,,6M,,318762.1009919899,EUR
FX_VEGA,GBP/JPY,,1Y,,524920.82763531,EUR
FX_VEGA,GBP/JPY,,6M,,542164.0313668515,USD
FX_VEGA,USD/JPY,,6M,,177311.1694427263,EUR
FX_VEGA,USD/EUR,,6M,,255883.12731775662,EUR
FX_VEGA,USD/EUR,,1M,,881842.8712453493,USD
FX_VEGA,USD/JPY,,1M,,791156.1316617077,EUR
FX_VEGA,USD/JPY,,1Y,,975960.6199583464,EUR
FX_VEGA,USD/JPY,,1Y,,752856.1457518031,EUR
FX_VEGA,USD/EUR,,6M,,971528.4890587059,USD
FX_VEGA,USD/JPY,,1Y,,960915.7223268755,USD
FX_VEGA,USD/EUR,,6M,,773754.886212587,USD
FX_VEGA,USD/JPY,,6M,,188384.6352666311,EUR
FX_VEGA,USD/JPY,,1Y,,420811.38448339526,EUR
FX_VEGA,USD/EUR,,1M,,532344.4711015394,EUR
FX_VEGA,USD/EUR,,6M,,864139.6826124951,GBP
FX_VEGA,GBP/JPY,,6M,,59516.50710567089,EUR
FX_VEGA,GBP/JPY,,1M,,228363.57799556962,GBP
FX_VEGA,USD/EUR,,1Y,,938539.1220191811,USD
FX_VEGA,USD/JPY,,1Y,,806037.372155181,EUR
FX_VEGA,GBP/JPY,,6M,,567310.4295710087,EUR
FX_VEGA,USD/EUR,,1M,,127623.26562487803,USD
FX_VEGA,USD/JPY,,1M,,154442.12034999524,EUR
FX_VEGA,USD/JPY,,1Y,,630976.5193807115,GBP
FX_VEGA,USD/JPY,,6M,,658940.5176704152,USD
FX_VEGA,USD/EUR,,1Y,,850095.2879816708,GBP
FX_VEGA,USD/EUR,,6M,,424080.3609925912,GBP
FX_VEGA,USD/JPY,,6M,,776725.3327267495,EUR
FX_VEGA,USD/EUR,,6M,,841186.7907401747,EUR
FX_VEGA,USD/EUR,,1M,,743708.831559365,USD
FX_VEGA,USD/JPY,,1M,,318875.63076027157,GBP
FX_VEGA,GBP/JPY,,6M,,500094.1835966007,EUR
FX_VEGA,GBP/JPY,,1Y,,802979.8991203316,EUR
FX_VEGA,USD/EUR,,1M,,593798.4721443926,EUR
FX_VEGA,USD/EUR,,6M,,91035.53545843867,USD
FX_VEGA,GBP/JPY,,1M,,84285.48989949725,GBP
FX_VEGA,USD/JPY,,1Y,,859125.7544518922,USD
FX_VEGA,GBP/JPY,,1Y,,342764.3107628966,GBP
FX_VEGA,USD/EUR,,1M,,871619.5681064157,EUR
FX_VEGA,USD/EUR,,1Y,,459316.7354829091,EUR
FX_VEGA,USD/EUR,,1Y,,145102.61015738724,USD
FX_VEGA,USD/JPY,,1M,,663231.3439972443,USD
FX_VEGA,USD/EUR,,1Y,,745401.0351119058,USD
FX_VEGA,USD/EUR,,6M,,95140.32030085275,USD
FX_VEGA,USD/JPY,,6M,,557660.6715456507,USD
FX_VEGA,USD/EUR,,1M,,823442.641502646,USD
FX_VEGA,USD/JPY,,6M,,227176.32400501968,EUR
FX_VEGA,USD/EUR,,6M,,348409.57961623353,USD
FX_VEGA,USD/JPY,,1M,,730656.4071167888,EUR
FX_VEGA,USD/JPY,,1M,,312571.0116539955,EUR
FX_VEGA,GBP/JPY,,1M,,662844.1330852692,USD
FX_VEGA,USD/EUR,,1M,,377141.02177225845,EUR
FX_VEGA,USD/EUR,,1Y,,819182.7095535154,USD
FX_VEGA,USD/EUR,,1M,,220201.3226207234,EUR
FX_VEGA,USD/EUR,,6M,,265623.35589588893,EUR
FX_VEGA,USD/JPY,,1Y,,115953.40420100077,EUR
FX_VEGA,USD/EUR,,1M,,879016.4734746474,GBP
FX_VEGA,USD/EUR,,1Y,,40126.98422088565,GBP
FX_VEGA,USD/EUR,,1Y,,100367.269061089,EUR
FX_VEGA,USD/JPY,,6M,,559943.6564920893,USD
FX_VEGA,USD/JPY,,6M,,518117.6649704963,GBP
FX_VEGA,USD/JPY,,1Y,,483663.0053470544,USD
FX_VEGA,USD/EUR,,1M,,266247.0264834476,EUR
FX_VEGA,USD/JPY,,1Y,,204500.2230554252,GBP
FX_VEGA,GBP/JPY,,1Y,,212433.39779645193,GBP
FX_VEGA,USD/JPY,,1M,,121475.0503297728,GBP
FX_VEGA,USD/EUR,,1Y,,788690.6808722125,EUR
FX_VEGA,USD/EUR,,1Y,,739504.0094360685,GBP
FX_VEGA,USD/JPY,,6M,,927418.2918131456,USD
FX_VEGA,USD/JPY,,6M,,573138.4813093527,EUR
FX_VEGA,GBP/JPY,,6M,,805426.0061909799,GBP
FX_VEGA,GBP/JPY,,1Y,,785332.2598976499,GBP
FX_VEGA,GBP/JPY,,1Y,,768787.2673877211,EUR
FX_VEGA,USD/EUR,,1M,,964574.2423592006,GBP
FX_VEGA,GBP/JPY,,1M,,173246.252140268,USD
FX_VEGA,GBP/JPY,,1Y,,780467.9223443953,EUR
FX_VEGA,USD/EUR,,1M,,300769.31448979763,GBP
FX_VEGA,USD/JPY,,6M,,876187.1349282513,GBP
FX_VEGA,USD/EUR,,6M,,940022.585042436,EUR
FX_VEGA,USD/EUR,,1Y,,647541.8900893317,GBP
FX_VEGA,GBP/JPY,,6M,,40387.105808679116,GBP
FX_VEGA,USD/JPY,,1Y,,874782.1271104775,GBP
FX_VEGA,USD/EUR,,6M,,915789.3036463801,GBP
FX_VEGA,GBP/JPY,,1Y,,233995.04398235705,USD
FX_VEGA,GBP/JPY,,6M,,963346.1355549311,GBP
FX_VEGA,GBP/JPY,,1M,,780164.6918513022,GBP
FX_VEGA,GBP/JPY,,1Y,,521162.1852791433,USD
FX_VEGA,USD/EUR,,1M,,191576.96462093754,USD
FX_VEGA,USD/EUR,,1M,,395963.54287945887,EUR
FX_VEGA,USD/JPY,,1Y,,834544.868607421,USD
FX_VEGA,GBP/JPY,,6M,,45423.97782644663,USD
FX_VEGA,GBP/JPY,,6M,,119840.4144401321,EUR
FX_VEGA,GBP/JPY,,1M,,931693.5080402357,GBP
FX_VEGA,USD/EUR,,6M,,442012.530672566,EUR
FX_VEGA,USD/JPY,,6M,,626547.9287751501,USD
FX_VEGA,USD/JPY,,6M,,31788.13671775601,GBP
FX_VEGA,USD/JPY,,6M,,189555.68123899697,EUR
FX_VEGA,USD/JPY,,1Y,,121790.24032056372,GBP
FX_VEGA,GBP/JPY,,6M,,180371.73370929316,USD
FX_VEGA,USD/EUR,,1M,,296958.25329116447,EUR
FX_VEGA,GBP/JPY,,1Y,,340877.9093539607,GBP
FX_VEGA,USD/JPY,,1M,,887368.9472516718,EUR
FX_VEGA,USD/EUR,,1M,,858243.8251073537,EUR
FX_VEGA,USD/JPY,,1Y,,341088.7788967644,USD
FX_VEGA,USD/JPY,,1Y,,408177.90853618796,GBP
FX_VEGA,USD/JPY,,1Y,,808331.2912114321,USD
FX_VEGA,USD/JPY,,1M,,445813.75088170706,GBP
FX_VEGA,USD/JPY,,1M,,818326.0381135979,USD
FX_VEGA,GBP/JPY,,1M,,662569.8554349864,GBP
FX_VEGA,USD/JPY,,1M,,859994.1335599027,EUR
FX_VEGA,GBP/JPY,,1Y,,337955.63678495813,USD
FX_VEGA,USD/JPY,,6M,,367602.85263360216,EUR
FX_VEGA,USD/EUR,,1M,,705140.4488457489,USD
FX_VEGA,USD/JPY,,6M,,151657.88058910216,EUR
FX_VEGA,USD/EUR,,1Y,,306834.80461767584,USD
FX_VEGA,USD/EUR,,1Y,,173401.00832782427,USD
FX_VEGA,GBP/JPY,,6M,,425013.31091195217,USD
FX_VEGA,USD/EUR,,1M,,616575.3623265597,USD
FX_VEGA,GBP/JPY,,1Y,,13501.425434705408,USD
FX_VEGA,GBP/JPY,,1Y,,142477.5183377512,EUR
FX_VEGA,USD/JPY,,1M,,728615.1105330094,EUR
FX_VEGA,GBP/JPY,,1M,,112398.1355787891,USD
FX_VEGA,GBP/JPY,,1Y,,670693.1013140918,GBP
FX_VEGA,USD/EUR,,6M,,374476.7220766759,EUR
FX_VEGA,GBP/JPY,,6M,,606452.8144831676,GBP
FX_VEGA,GBP/JPY,,1Y,,554337.2787616961,GBP
FX_VEGA,GBP/JPY,,1Y,,904309.3309343744,EUR
FX_VEGA,USD/EUR,,6M,,934817.101474416,EUR
FX_VEGA,GBP/JPY,,1Y,,725286.3698356735,EUR
FX_VEGA,USD/EUR,,6M,,241895.3426441461,EUR
FX_VEGA,USD/EUR,,1Y,,593046.9412394104,GBP
FX_VEGA,GBP/JPY,,1Y,,494568.35752911307,USD
FX_VEGA,USD/JPY,,1M,,489174.5941759957,GBP
FX_VEGA,USD/JPY,,1M,,66828.53086923787,GBP
FX_VEGA,USD/JPY,,6M,,463580.920744226,GBP
FX_VEGA,GBP/JPY,,1Y,,52254.52155058677,EUR
FX_VEGA,GBP/JPY,,1Y,,106067.4324760535,USD
FX_VEGA,GBP/JPY,,1M,,644001.082958678,GBP
FX_VEGA,USD/JPY,,1M,,887863.396942906,GBP
FX_VEGA,USD/EUR,,6M,,520868.35090344894,GBP
FX_VEGA,USD/EUR,,1M,,690153.1878335372,GBP
FX_VEGA,USD/JPY,,1Y,,144178.68778309043,USD
FX_VEGA,GBP/JPY,,1M,,352631.9084023588,EUR
FX_VEGA,USD/EUR,,1M,,997046.756005541,GBP
FX_VEGA,GBP/JPY,,1M,,116418.72773658081,GBP
FX_VEGA,USD/JPY,,6M,,968997.4472265622,USD
FX_VEGA,USD/JPY,,1M,,314727.7082149861,EUR
FX_VEGA,GBP/JPY,,1Y,,944678.164138351,EUR
FX_VEGA,USD/JPY,,6M,,192547.24059329065,GBP
FX_VEGA,USD/EUR,,6M,,702457.9770039726,USD
FX_VEGA,GBP/JPY,,1M,,743621.3822980511,EUR
FX_VEGA,USD/EUR,,1M,,400309.54475821875,USD
FX_VEGA,USD/EUR,,1M,,918764.2101364502,EUR
FX_VEGA,USD/JPY,,1M,,687868.6005229389,USD
FX_VEGA,GBP/JPY,,6M,,587753.5133675761,EUR
FX_VEGA,GBP/JPY,,1Y,,667452.8513644125,EUR
FX_VEGA,GBP/JPY,,6M,,833775.1086733815,GBP
FX_VEGA,USD/EUR,,6M,,758895.0282610108,GBP
FX_VEGA,GBP/JPY,,1M,,547347.3250238781,USD
FX_VEGA,USD/EUR,,6M,,424384.4250137251,USD
FX_VEGA,USD/EUR,,1Y,,503441.3515044782,USD
FX_VEGA,USD/JPY,,1M,,744665.8066850441,EUR
FX_VEGA,USD/EUR,,1M,,121416.83177537244,GBP
FX_VEGA,GBP/JPY,,1Y,,566687.4897362527,USD
FX_VEGA,USD/JPY,,1Y,,173476.22827439688,USD
FX_VEGA,USD/EUR,,1Y,,905145.7384399264,EUR
FX_VEGA,GBP/JPY,,1Y,,80251.91215705164,USD
FX_VEGA,USD/JPY,,1M,,704642.5669887101,EUR
FX_VEGA,USD/JPY,,1M,,154210.32465753861,EUR
FX_VEGA,GBP/JPY,,1M,,754421.3676931675,GBP
FX_VEGA,USD/EUR,,6M,,886636.3739581187,USD
FX_VEGA,GBP/JPY,,6M,,578694.0339951717,USD
FX_VEGA,GBP/JPY,,1Y,,272114.8196165097,EUR
FX_VEGA,USD/JPY,,6M,,283156.00595506077,GBP
FX_VEGA,USD/EUR,,1Y,,48859.11650331482,EUR
FX_VEGA,GBP/JPY,,1M,,693561.8973036626,EUR
FX_VEGA,GBP/JPY,,1Y,,322716.3686607185,GBP
FX_VEGA,USD/EUR,,1Y,,219104.50753898884,GBP
FX_VEGA,USD/EUR,,1M,,701079.1210887325,EUR
FX_VEGA,USD/EUR,,1M,,493839.2839423628,EUR
FX_VEGA,GBP/JPY,,1M,,909005.0360366133,GBP
FX_VEGA,USD/JPY,,6M,,119780.55357747423,USD
FX_VEGA,USD/JPY,,6M,,959540.1565081748,GBP
FX_VEGA,USD/EUR,,1M,,478367.41645237047,EUR
FX_VEGA,GBP/JPY,,6M,,62906.99140654043,GBP
FX_VEGA,USD/EUR,,6M,,594995.4912956252,GBP
FX_VEGA,GBP/JPY,,1Y,,584005.3815716176,EUR
FX_VEGA,GBP/JPY,,1M,,776597.4656023704,USD
FX_VEGA,USD/EUR,,6M,,257523.58322065134,EUR
FX_VEGA,GBP/JPY,,1M,,721009.6745435866,EUR
FX_VEGA,USD/EUR,,1Y,,196338.0417966915,GBP
FX_VEGA,USD/EUR,,1Y,,486006.46821339586,EUR
FX_VEGA,USD/EUR,,6M,,910370.0004741469,GBP
FX_VEGA,USD/JPY,,6M,,66395.50995305149,GBP
FX_VEGA,USD/EUR,,6M,,571362.7266001999,GBP
FX_VEGA,USD/EUR,,1M,,49954.825685867705,GBP
FX_VEGA,USD/JPY,,6M,,353539.78963375237,GBP
FX_VEGA,USD/EUR,,1M,,784412.4930746778,USD
FX_VEGA,GBP/JPY,,1M,,272562.9256107688,EUR
FX_VEGA,GBP/JPY,,1M,,70088.3518627144,EUR
FX_VEGA,USD/JPY,,6M,,639829.05137238,USD
FX_VEGA,USD/EUR,,6M,,110314.35122368799,USD
FX_VEGA,GBP/JPY,,6M,,311625.066496212,EUR
FX_VEGA,USD/JPY,,6M,,346502.25689814816,USD
FX_VEGA,USD/EUR,,1M,,834858.4537342078,GBP
FX_VEGA,GBP/JPY,,1M,,864794.1753496103,EUR
FX_VEGA,USD/EUR,,1Y,,865939.1156238485,GBP
FX_VEGA,USD/EUR,,1M,,795853.1511025097,USD
FX_VEGA,USD/JPY,,1M,,638694.6725937799,GBP
FX_VEGA,USD/EUR,,6M,,955919.784421752,EUR
FX_VEGA,USD/EUR,,1Y,,231104.49538516474,EUR
FX_VEGA,GBP/JPY,,1M,,734449.2599455321,EUR
FX_VEGA,GBP/JPY,,6M,,413047.031480307,GBP
FX_VEGA,USD/EUR,,1M,,317275.51001081185,EUR
FX_VEGA,USD/JPY,,1Y,,26579.3475072453,USD
FX_VEGA,GBP/JPY,,6M,,108709.01628996815,GBP
FX_VEGA,USD/JPY,,1Y,,400869.0615054546,GBP
FX_VEGA,USD/EUR,,1Y,,783350.077469237,EUR
FX_VEGA,USD/EUR,,1Y,,917200.3705601422,USD
FX_VEGA,USD/EUR,,1Y,,10407.801704884618,EUR
FX_VEGA,GBP/JPY,,1Y,,286003.84279712645,GBP
FX_VEGA,USD/JPY,,1Y,,679851.9711160122,EUR
FX_VEGA,GBP/JPY,,1M,,112996.59972304017,USD
FX_VEGA,GBP/JPY,,6M,,457368.91668077296,EUR
FX_VEGA,USD/JPY,,1Y,,865078.8401020765,USD
FX_VEGA,GBP/JPY,,1M,,223747.58660504853,GBP
FX_VEGA,USD/EUR,,1M,,233356.05524165588,USD
FX_VEGA,USD/EUR,,1M,,425796.96123390575,GBP
FX_VEGA,GBP/JPY,,6M,,250793.38898507817,EUR
FX_VEGA,USD/EUR,,6M,,474564.9293219783,EUR
FX_VEGA,USD/JPY,,6M,,167781.3038636436,EUR
FX_VEGA,GBP/JPY,,6M,,877718.2323884765,GBP
FX_VEGA,GBP/JPY,,1M,,837319.3281756444,USD
FX_VEGA,GBP/JPY,,1M,,648213.7654398433,EUR
FX_VEGA,USD/EUR,,1Y,,105409.58399265434,GBP
FX_VEGA,GBP/JPY,,1M,,597738.4452111583,EUR
FX_VEGA,USD/JPY,,6M,,457101.9152028783,GBP
FX_VEGA,USD/EUR,,1M,,319350.5427180658,GBP
FX_VEGA,USD/JPY,,6M,,609413.1294804707,GBP
FX_VEGA,USD/JPY,,1M,,675629.0458741795,USD
FX_VEGA,USD/JPY,,6M,,619826.7110875885,GBP
FX_VEGA,USD/EUR,,1Y,,759083.902969475,USD
FX_VEGA,USD/JPY,,1M,,348715.57091983873,EUR
FX_VEGA,USD/EUR,,1Y,,318228.55543956324,GBP
FX_VEGA,USD/EUR,,6M,,952824.6937589004,GBP
FX_VEGA,GBP/JPY,,6M,,40849.960117274066,EUR
FX_VEGA,GBP/JPY,,1Y,,990059.0759076546,USD
FX_VEGA,USD/JPY,,6M,,758872.8125751191,EUR
FX_VEGA,GBP/JPY,,6M,,906511.7968304856,GBP
FX_VEGA,USD/JPY,,1Y,,818082.4498018469,GBP
FX_VEGA,USD/JPY,,1Y,,824343.782713273,USD
FX_VEGA,USD/EUR,,1M,,291843.7853722526,GBP
FX_VEGA,GBP/JPY,,1Y,,464288.3699047489,USD
FX_VEGA,USD/JPY,,6M,,209201.33541301588,EUR
FX_VEGA,USD/JPY,,6M,,652479.5664713013,EUR
FX_VEGA,GBP/JPY,,1M,,450108.75497201754,EUR
FX_VEGA,USD/EUR,,1Y,,959978.1438209024,USD
FX_VEGA,USD/JPY,,6M,,658817.1811473902,GBP
FX_VEGA,GBP/JPY,,6M,,395449.01479762397,USD
FX_VEGA,USD/JPY,,1M,,481407.96167261805,EUR
FX_VEGA,USD/EUR,,1M,,210599.4166538444,USD
FX_VEGA,GBP/JPY,,1M,,17758.773329736952,EUR
FX_VEGA,GBP/JPY,,1M,,730719.2942640625,USD
FX_VEGA,USD/JPY,,1M,,280100.4056186498,USD
FX_VEGA,GBP/JPY,,1Y,,465749.9778517394,EUR
FX_VEGA,USD/EUR,,1M,,386037.39061722194,GBP
FX_VEGA,GBP/JPY,,6M,,105773.19355328968,USD
FX_VEGA,USD/JPY,,1M,,988735.914713917,USD
FX_VEGA,USD/JPY,,1Y,,919627.857302362,GBP
FX_VEGA,USD/EUR,,1M,,158810.70508378287,EUR
FX_VEGA,USD/JPY,,1Y,,90032.48844158718,GBP
FX_VEGA,GBP/JPY,,6M,,692839.2958911755,GBP
FX_VEGA,GBP/JPY,,6M,,701799.8891328619,GBP
FX_VEGA,GBP/JPY,,1M,,439400.00073793804,EUR
FX_VEGA,GBP/JPY,,1Y,,280546.59488729044,EUR
FX_VEGA,GBP/JPY,,1Y,,645689.5979962599,USD
FX_VEGA,USD/JPY,,1M,,251433.6460126358,GBP
FX_VEGA,USD/JPY,,1Y,,213974.56286733967,EUR
FX_VEGA,USD/JPY,,1M,,81126.56054877065,EUR
FX_VEGA,GBP/JPY,,1Y,,900849.4409110087,GBP
FX_VEGA,USD/JPY,,1Y,,685259.5389587358,GBP
FX_VEGA,GBP/JPY,,1M,,721755.7881840036,GBP
FX_VEGA,USD/JPY,,1Y,,53011.34533830747,GBP
FX_VEGA,GBP/JPY,,1M,,487124.077319472,EUR
FX_VEGA,GBP/JPY,,1Y,,98200.5449195388,USD
FX_VEGA,USD/EUR,,1Y,,392087.49881055614,GBP
FX_VEGA,USD/EUR,,6M,,448262.9756338791,EUR
FX_VEGA,USD/EUR,,6M,,633739.4516397483,GBP
FX_VEGA,USD/EUR,,1Y,,659178.2006394347,EUR
FX_VEGA,GBP/JPY,,1Y,,102865.12091370416,EUR
FX_VEGA,GBP/JPY,,1M,,491527.4008949679,USD
FX_VEGA,USD/EUR,,1M,,216223.36026912704,USD
FX_VEGA,USD/EUR,,1M,,198583.5559038595,EUR
FX_VEGA,USD/JPY,,1M,,358579.0519349381,EUR
FX_VEGA,USD/JPY,,6M,,863332.6895896966,GBP
FX_VEGA,GBP/JPY,,6M,,32449.390545466664,EUR
FX_VEGA,USD/EUR,,6M,,546184.8723163338,EUR
FX_VEGA,USD/EUR,,1M,,658511.3109272559,GBP
FX_VEGA,USD/JPY,,6M,,189623.9143022949,GBP
FX_VEGA,USD/EUR,,1M,,390530.18292315287,GBP
FX_VEGA,GBP/JPY,,1M,,968300.5619619963,EUR
FX_VEGA,GBP/JPY,,1M,,862845.6202516808,USD
FX_VEGA,USD/EUR,,6M,,801464.2905463827,EUR
FX_VEGA,GBP/JPY,,1Y,,175836.97283249002,USD
FX_VEGA,USD/JPY,,1Y,,504308.10315197625,USD
FX_VEGA,USD/JPY,,1M,,735825.9458491661,USD
FX_VEGA,USD/JPY,,6M,,561735.7667723881,EUR
FX_VEGA,USD/EUR,,6M,,881822.4791666685,USD
FX_VEGA,USD/JPY,,1Y,,687546.9969496699,GBP
FX_VEGA,GBP/JPY,,1M,,667099.6331189667,EUR
FX_VEGA,USD/EUR,,1Y,,972340.9300091043,EUR
FX_VEGA,USD/EUR,,1M,,467792.90474905673,USD
FX_VEGA,GBP/JPY,,6M,,935091.8554898632,USD
FX_VEGA,GBP/JPY,,1M,,689568.0966936033,GBP
FX_VEGA,GBP/JPY,,6M,,965226.018278648,GBP
FX_VEGA,USD/JPY,,1M,,191137.3177544499,EUR
FX_VEGA,USD/JPY,,6M,,138582.42859318215,USD
FX_VEGA,GBP/JPY,,1M,,676986.3012027881,USD
FX_VEGA,USD/EUR,,6M,,262794.4693545683,USD
FX_VEGA,USD/JPY,,6M,,134220.66273588513,EUR
FX_VEGA,USD/EUR,,1M,,643196.510646825,GBP
FX_VEGA,GBP/JPY,,6M,,19736.514758242574,GBP
FX_VEGA,GBP/JPY,,6M,,895100.0229886558,EUR
FX_VEGA,USD/EUR,,1Y,,567167.29103312,USD
FX_VEGA,USD/JPY,,1M,,819779.354023995,USD
FX_VEGA,USD/EUR,,1M,,605507.3176314019,GBP
FX_VEGA,USD/JPY,,1M,,202367.12886925836,USD
FX_VEGA,USD/EUR,,1M,,258957.4643025236,USD
FX_VEGA,USD/EUR,,6M,,311567.2169833355,USD
FX_VEGA,USD/JPY,,6M,,939019.0941881142,EUR
FX_VEGA,USD/EUR,,6M,,392647.72871936456,GBP
FX_VEGA,USD/JPY,,1Y,,199701.74076712353,GBP
FX_VEGA,GBP/JPY,,1M,,389434.54948933295,EUR
FX_VEGA,USD/EUR,,1Y,,365365.8544175475,GBP
FX_VEGA,USD/JPY,,1Y,,40901.101504981634,USD
FX_VEGA,USD/EUR,,6M,,545074.791239639,USD
FX_VEGA,USD/EUR,,1Y,,863612.8444668789,GBP
FX_VEGA,GBP/JPY,,1M,,244891.04040453627,USD
FX_VEGA,USD/JPY,,1Y,,460733.20565754763,GBP
FX_VEGA,USD/JPY,,1Y,,321367.3204390648,GBP
FX_VEGA,USD/EUR,,1M,,112056.61966185256,USD
FX_VEGA,USD/EUR,,1Y,,196589.16558674636,USD
FX_VEGA,GBP/JPY,,1Y,,619895.1039106103,GBP
FX_VEGA,USD/JPY,,1Y,,674076.7246278386,EUR
FX_VEGA,USD/EUR,,1M,,471470.474374587,USD
FX_VEGA,GBP/JPY,,6M,,960181.9125602272,USD
FX_VEGA,USD/JPY,,1M,,566826.706126965,EUR
FX_VEGA,USD/JPY,,1M,,614808.6661358459,EUR
FX_VEGA,GBP/JPY,,6M,,623063.8393294663,GBP
FX_VEGA,USD/EUR,,1M,,275519.03231557785,GBP
FX_VEGA,USD/EUR,,1M,,246880.95470246952,EUR
FX_VEGA,USD/EUR,,1M,,664326.2532107225,GBP
FX_VEGA,GBP/JPY,,6M,,615161.8349715229,GBP
FX_VEGA,USD/JPY,,1M,,892370.1955648953,EUR
FX_VEGA,GBP/JPY,,1Y,,222873.40229483138,USD
FX_VEGA,USD/JPY,,1Y,,814792.1224312085,USD
FX_VEGA,USD/EUR,,6M,,448649.4564871123,GBP
FX_VEGA,USD/EUR,,1M,,516279.0221477732,GBP
FX_VEGA,USD/JPY,,1M,,121915.0117878651,USD
FX_VEGA,GBP/JPY,,1M,,126045.7727648569,EUR
FX_VEGA,USD/EUR,,1Y,,720382.7211721092,EUR
FX_VEGA,GBP/JPY,,6M,,83350.85751738143,EUR
FX_VEGA,USD/JPY,,1M,,711620.5688377053,GBP
FX_VEGA,USD/JPY,,1Y,,753356.3770775924,GBP
FX_VEGA,GBP/JPY,,1Y,,365267.0696207492,EUR
FX_VEGA,GBP/JPY,,1M,,65983.60582502528,GBP
FX_VEGA,USD/EUR,,1M,,918980.0750360574,USD
FX_VEGA,GBP/JPY,,1M,,579838.3277231611,EUR
FX_VEGA,USD/EUR,,6M,,41089.84712209762,GBP
FX_VEGA,GBP/JPY,,1Y,,93476.89937607199,USD
FX_VEGA,GBP/JPY,,1M,,300871.49844708137,GBP
FX_VEGA,GBP/JPY,,1Y,,44949.24261893331,GBP
FX_VEGA,USD/EUR,,1M,,152618.02455170476,GBP
FX_VEGA,GBP/JPY,,6M,,953946.2522781551,USD
FX_VEGA,GBP/JPY,,6M,,238244.8742440767,EUR
FX_VEGA,GBP/JPY,,1Y,,95436.90977953718,USD
FX_VEGA,USD/EUR,,6M,,337520.46904177207,USD
FX_VEGA,USD/JPY,,6M,,341827.1350377092,USD
FX_VEGA,USD/EUR,,6M,,182998.753337017,USD
FX_VEGA,USD/JPY,,1Y,,684934.0843682543,GBP
FX_VEGA,USD/EUR,,1Y,,162827.91149499395,EUR
FX_VEGA,USD/EUR,,1M,,193597.08962983557,USD
FX_VEGA,USD/EUR,,1M,,392913.9604822259,GBP
FX_VEGA,USD/EUR,,1Y,,205499.13588795325,EUR
FX_VEGA,USD/EUR,,6M,,523615.8120602507,GBP
FX_VEGA,GBP/JPY,,1M,,945260.5816077378,USD
FX_VEGA,GBP/JPY,,1Y,,234019.7657334195,GBP
FX_VEGA,GBP/JPY,,6M,,832464.3071101396,GBP
FX_VEGA,GBP/JPY,,1Y,,133913.76676727683,GBP
FX_VEGA,GBP/JPY,,1Y,,643250.4731791334,EUR
FX_VEGA,USD/JPY,,1Y,,425401.6954515128,GBP
FX_VEGA,USD/JPY,,1Y,,293010.7646205744,GBP
FX_VEGA,USD/JPY,,6M,,230107.1456172756,EUR
FX_VEGA,USD/JPY,,1Y,,736052.6798935758,USD
FX_VEGA,USD/JPY,,1M,,891364.3119470034,USD
FX_VEGA,GBP/JPY,,1Y,,593202.3713963957,USD
FX_VEGA,USD/EUR,,1Y,,96119.47626257302,USD
FX_VEGA,USD/EUR,,1M,,685670.1424724767,GBP
FX_VEGA,USD/EUR,,6M,,696322.3829901651,USD
FX_VEGA,USD/EUR,,6M,,547499.7681165354,GBP
FX_VEGA,USD/JPY,,1M,,451666.29300667974,GBP
FX_VEGA,GBP/JPY,,1M,,483228.112613556,USD
FX_VEGA,GBP/JPY,,1M,,358942.1462591252,EUR
FX_VEGA,USD/EUR,,1M,,296126.0797956414,GBP
FX_VEGA,GBP/JPY,,6M,,729442.7883309263,USD
FX_VEGA,USD/EUR,,6M,,159996.9409313555,USD
FX_VEGA,USD/JPY,,1M,,131713.97795593322,GBP
FX_VEGA,USD/EUR,,6M,,522736.29719696153,GBP
FX_VEGA,USD/JPY,,6M,,747110.3879046476,EUR
FX_VEGA,USD/JPY,,6M,,798913.85382649,USD
FX_VEGA,GBP/JPY,,6M,,161736.60905708704,USD
FX_VEGA,USD/JPY,,6M,,403870.95470483473,EUR
FX_VEGA,GBP/JPY,,1Y,,386157.21072867373,GBP
FX_VEGA,USD/JPY,,6M,,363585.46090380236,GBP
FX_VEGA,USD/EUR,,1M,,883664.9922561729,GBP
FX_VEGA,USD/JPY,,1Y,,347927.2136101727,USD
FX_VEGA,USD/EUR,,6M,,232545.42673284438,EUR
FX_VEGA,USD/JPY,,6M,,613943.4754923787,USD
FX_VEGA,USD/EUR,,1Y,,567898.5682732653,EUR
FX_VEGA,USD/JPY,,1Y,,546924.6942343134,USD
FX_VEGA,GBP/JPY,,1M,,466561.373318314,USD
FX_VEGA,GBP/JPY,,1M,,965351.3419179417,GBP
FX_VEGA,USD/EUR,,6M,,253929.71283359593,EUR
FX_VEGA,USD/JPY,,1M,,942083.4983728086,EUR
FX_VEGA,GBP/JPY,,1Y,,124035.90697471402,GBP
FX_VEGA,USD/EUR,,1M,,151386.09724713757,USD
FX_VEGA,USD/JPY,,6M,,248953.1555566125,EUR
FX_VEGA,USD/JPY,,6M,,629833.8380155067,EUR
FX_VEGA,USD/JPY,,6M,,52939.389130557436,EUR
FX_VEGA,GBP/JPY,,1Y,,770076.2157347602,USD
FX_VEGA,GBP/JPY,,1Y,,397262.25587669056,EUR
FX_VEGA,USD/JPY,,1Y,,356659.5262391256,GBP
FX_VEGA,GBP/JPY,,1M,,215282.45697869823,GBP
FX_VEGA,GBP/JPY,,6M,,958146.4241438827,GBP
FX_VEGA,GBP/JPY,,6M,,302947.6298724681,GBP
FX_VEGA,GBP/JPY,,6M,,472989.82515834854,EUR
FX_VEGA,USD/EUR,,1M,,117739.97565022916,USD
FX_VEGA,USD/EUR,,1Y,,635296.7103546219,USD
FX_VEGA,USD/JPY,,1M,,45549.898563027324,EUR
FX_VEGA,USD/JPY,,1Y,,873392.4372390676,GBP
FX_VEGA,USD/EUR,,1M,,265950.1496818344,GBP
FX_VEGA,USD/EUR,,6M,,95159.15927440603,USD
FX_VEGA,USD/JPY,,1M,,729067.8156806594,GBP
FX_VEGA,USD/JPY,,6M,,689568.7661168268,USD
FX_VEGA,GBP/JPY,,1Y,,192488.13263622083,USD
FX_VEGA,USD/EUR,,6M,,36941.42177926382,USD
FX_VEGA,USD/EUR,,1Y,,994208.9115267594,USD
FX_VEGA,GBP/JPY,,1M,,702375.1273793753,GBP
FX_VEGA,USD/JPY,,6M,,70200.70632956899,GBP
FX_VEGA,GBP/JPY,,6M,,925733.5243159704,GBP
FX_VEGA,USD/JPY,,1Y,,599207.2588606168,GBP
FX_VEGA,USD/EUR,,1M,,934089.1265074204,USD
FX_VEGA,GBP/JPY,,1Y,,872249.5473942601,EUR
FX_VEGA,USD/JPY,,1Y,,994522.1672207712,EUR
FX_VEGA,USD/JPY,,6M,,132046.44050812465,USD
FX_VEGA,GBP/JPY,,1Y,,951100.4785805846,EUR
FX_VEGA,GBP/JPY,,6M,,236527.18103634717,GBP
FX_VEGA,GBP/JPY,,1Y,,435198.90516751696,USD
FX_VEGA,USD/EUR,,1Y,,52135.507639907904,USD
FX_VEGA,USD/EUR,,1Y,,495256.1059563172,USD
FX_VEGA,GBP/JPY,,6M,,727640.0816783658,USD
FX_VEGA,USD/JPY,,1Y,,943153.0115103687,GBP
FX_VEGA,GBP/JPY,,1M,,718611.7310927187,USD
FX_VEGA,USD/JPY,,1Y,,761746.857864108,USD
FX_VEGA,USD/EUR,,1Y,,850136.8190959938,GBP
FX_VEGA,GBP/JPY,,6M,,564977.0738688223,GBP
FX_VEGA,GBP/JPY,,1Y,,707631.6318486528,USD
FX_VEGA,USD/EUR,,1Y,,200130.25586016063,EUR
FX_VEGA,GBP/JPY,,1M,,279479.6587155376,EUR
FX_VEGA,USD/JPY,,6M,,663267.660328232,GBP
FX_VEGA,USD/JPY,,1M,,80816.96653194212,EUR
FX_VEGA,USD/EUR,,6M,,908194.0063621257,EUR
FX_VEGA,USD/EUR,,6M,,500132.8850106169,USD
FX_VEGA,GBP/JPY,,6M,,209679.12745839328,EUR
FX_VEGA,USD/JPY,,6M,,898315.6697871315,GBP
FX_VEGA,GBP/JPY,,1M,,300805.8499740072,USD
FX_VEGA,USD/JPY,,6M,,258731.78506978104,EUR
FX_VEGA,USD/JPY,,6M,,609610.8956560973,USD
FX_VEGA,USD/JPY,,1Y,,428790.61697151826,GBP
FX_VEGA,USD/EUR,,6M,,129566.49720543918,GBP
FX_VEGA,GBP/JPY,,1M,,461806.7184011632,USD
FX_VEGA,USD/EUR,,1M,,758653.0666805336,GBP
FX_VEGA,USD/EUR,,6M,,891847.4014472234,USD
FX_VEGA,GBP/JPY,,1Y,,775824.7570068291,GBP
FX_VEGA,GBP/JPY,,1M,,957004.4910722134,GBP
FX_VEGA,USD/JPY,,1M,,439121.4082279663,GBP
FX_VEGA,USD/EUR,,1M,,185290.3891122551,GBP
FX_VEGA,USD/EUR,,1M,,201874.69032854182,GBP
FX_VEGA,USD/EUR,,6M,,289302.7829628616,EUR
FX_VEGA,USD/JPY,,6M,,219098.9448585884,EUR
FX_VEGA,GBP/JPY,,1Y,,456898.47488988197,EUR
FX_VEGA,USD/EUR,,1M,,293978.8201509039,USD
FX_VEGA,USD/EUR,,1Y,,165837.35814288328,USD
FX_VEGA,USD/JPY,,1M,,587178.5073378268,EUR
FX_VEGA,USD/EUR,,1M,,630782.2522727227,GBP
FX_VEGA,GBP/JPY,,1Y,,334817.04954721633,GBP
FX_VEGA,USD/EUR,,1M,,972912.3610282238,EUR
FX_VEGA,GBP/JPY,,1M,,762434.8208332651,USD
FX_VEGA,GBP/JPY,,6M,,884946.7434319573,GBP
FX_VEGA,USD/JPY,,1M,,473957.2005098106,USD
FX_VEGA,USD/JPY,,1M,,486259.40116962726,EUR
FX_VEGA,USD/EUR,,6M,,352066.05480480456,USD
FX_VEGA,USD/JPY,,6M,,508027.60470978625,USD
FX_VEGA,USD/JPY,,1Y,,674402.4490071804,EUR
FX_VEGA,GBP/JPY,,1Y,,182435.23976825768,GBP
FX_VEGA,USD/EUR,,1Y,,865317.3107517847,EUR
FX_VEGA,USD/JPY,,6M,,967534.5929460891,EUR
FX_VEGA,USD/EUR,,1Y,,629082.294686058,EUR
FX_VEGA,GBP/JPY,,6M,,319838.4906533152,EUR
FX_VEGA,GBP/JPY,,6M,,144158.49092116219,EUR
FX_VEGA,GBP/JPY,,1Y,,528064.7415571485,EUR
FX_VEGA,GBP/JPY,,6M,,407097.25105628825,USD
FX_VEGA,USD/JPY,,1M,,662901.1160634812,EUR
FX_VEGA,USD/JPY,,1M,,681217.6392006422,USD
FX_VEGA,USD/EUR,,1M,,113641.80666754158,USD
FX_VEGA,USD/EUR,,6M,,657348.1720266889,GBP
FX_VEGA,USD/JPY,,1Y,,490866.3900623236,GBP
FX_VEGA,GBP/JPY,,6M,,509700.75525611255,USD
FX_VEGA,USD/JPY,,1Y,,687499.2116357957,EUR
FX_VEGA,USD/EUR,,1Y,,222035.32453938248,EUR
FX_VEGA,GBP/JPY,,1Y,,104216.80597120935,GBP
FX_VEGA,USD/EUR,,1Y,,333785.64173511835,USD
FX_VEGA,GBP/JPY,,1M,,319890.05417842866,GBP
FX_VEGA,USD/JPY,,1Y,,137203.9781770063,GBP
FX_VEGA,USD/JPY,,1Y,,668752.2867390964,GBP
FX_VEGA,GBP/JPY,,1M,,148580.9559527649,EUR
FX_VEGA,USD/JPY,,1M,,729713.32443596,GBP
FX_VEGA,GBP/JPY,,6M,,508348.71070629684,USD
FX_VEGA,USD/EUR,,1Y,,826227.2833261382,GBP
FX_VEGA,USD/EUR,,1Y,,651206.287512619,USD
FX_VEGA,USD/JPY,,6M,,96324.7820140483,GBP
FX_VEGA,GBP/JPY,,1M,,185260.38166676016,EUR
FX_VEGA,GBP/JPY,,6M,,571846.1789791079,USD
FX_VEGA,GBP/JPY,,1Y,,635824.7127514875,EUR
FX_VEGA,USD/JPY,,1M,,988304.0987713332,USD
FX_VEGA,USD/JPY,,6M,,975144.741804811,USD
FX_VEGA,GBP/JPY,,1M,,567566.1943312587,GBP
FX_VEGA,USD/EUR,,6M,,446701.0458521283,GBP
FX_VEGA,USD/JPY,,1Y,,558799.9428876928,GBP
FX_VEGA,USD/EUR,,1Y,,458042.566309333,USD
FX_VEGA,GBP/JPY,,1Y,,715776.1695096588,USD
FX_VEGA,USD/JPY,,1Y,,801013.9794555315,EUR
FX_VEGA,GBP/JPY,,1Y,,405729.91199537675,USD
FX_VEGA,USD/EUR,,1M,,658147.7252025452,EUR
FX_VEGA,GBP/JPY,,1M,,191574.89880156607,EUR
FX_VEGA,USD/EUR,,6M,,481602.9311270364,EUR
FX_VEGA,USD/JPY,,6M,,211058.88491460116,EUR
FX_VEGA,USD/JPY,,1M,,850128.9267934231,EUR
FX_VEGA,USD/EUR,,1Y,,767117.2148684707,GBP
FX_VEGA,USD/EUR,,6M,,779052.6170398993,USD
FX_VEGA,USD/JPY,,1Y,,863862.1885653143,USD
FX_VEGA,USD/EUR,,1Y,,541248.9077679456,GBP
FX_VEGA,USD/EUR,,1Y,,484873.0062010135,USD
FX_VEGA,GBP/JPY,,6M,,333800.79767498095,EUR
FX_VEGA,USD/JPY,,6M,,24012.666795184276,GBP
FX_VEGA,GBP/JPY,,1Y,,652002.1898266603,USD
FX_VEGA,USD/JPY,,1M,,833963.5570180065,EUR
FX_VEGA,USD/EUR,,1M,,565762.2007156537,GBP
FX_VEGA,GBP/JPY,,1M,,360168.0444213513,GBP
FX_VEGA,GBP/JPY,,1M,,992785.1191124051,GBP
FX_VEGA,USD/JPY,,6M,,739116.2267444836,GBP
FX_VEGA,USD/JPY,,1M,,708815.3289182183,GBP
FX_VEGA,GBP/JPY,,6M,,900432.9323316715,USD
FX_VEGA,GBP/JPY,,1Y,,120035.81442605685,USD
FX_VEGA,USD/JPY,,1Y,,715318.6811727935,GBP
FX_VEGA,GBP/JPY,,1Y,,283307.323571277,USD
FX_VEGA,GBP/JPY,,1Y,,781354.6599036296,USD
FX_VEGA,USD/EUR,,1M,,964235.1741862821,USD
FX_VEGA,USD/JPY,,1Y,,723395.3124125946,EUR
FX_VEGA,USD/JPY,,1Y,,682712.5429502702,GBP
FX_VEGA,USD/JPY,,1M,,638525.4657798064,EUR
FX_VEGA,USD/JPY,,1Y,,631336.6428176572,GBP
FX_VEGA,USD/JPY,,6M,,587195.7302796823,GBP
FX_VEGA,GBP/JPY,,1M,,758057.6231396331,EUR
FX_VEGA,USD/EUR,,1Y,,314367.15178187,USD
FX_VEGA,USD/JPY,,1Y,,186022.51007506612,EUR
FX_VEGA,USD/EUR,,6M,,682615.0671649036,EUR
FX_VEGA,GBP/JPY,,6M,,95612.81406145789,GBP
FX_VEGA,USD/JPY,,1Y,,216428.07840134308,USD
FX_VEGA,GBP/JPY,,6M,,198057.68885013295,GBP
FX_VEGA,USD/EUR,,1M,,976392.0014661305,EUR
FX_VEGA,USD/EUR,,6M,,300288.9074077406,GBP
FX_VEGA,GBP/JPY,,6M,,157381.33473769386,USD
FX_VEGA,USD/EUR,,1M,,555025.9095230236,EUR
FX_VEGA,GBP/JPY,,1Y,,993722.0454339717,GBP
FX_VEGA,USD/JPY,,1Y,,20804.321371730795,USD
FX_VEGA,USD/JPY,,6M,,556163.3077418756,GBP
FX_VEGA,USD/JPY,,1Y,,863763.361516711,USD
FX_VEGA,GBP/JPY,,1Y,,166983.05990019356,USD
FX_VEGA,GBP/JPY,,1Y,,61025.044821503245,USD
FX_VEGA,GBP/JPY,,6M,,908565.4375311362,USD
FX_VEGA,USD/JPY,,1M,,525048.4936978011,USD
FX_VEGA,USD/JPY,,1M,,245721.27574464632,GBP
FX_VEGA,GBP/JPY,,1M,,844775.1323505195,GBP
FX_VEGA,GBP/JPY,,6M,,948675.7985190061,GBP
FX_VEGA,USD/JPY,,6M,,10005.7926628002,USD
FX_VEGA,USD/JPY,,1Y,,10988.678704504275,GBP
FX_VEGA,GBP/JPY,,1M,,841356.4997680887,EUR
FX_VEGA,USD/JPY,,1Y,,426314.5340139106,USD
FX_VEGA,USD/JPY,,1M,,111402.84507979978,GBP
FX_VEGA,GBP/JPY,,1Y,,936190.6385040759,EUR
FX_VEGA,USD/JPY,,1M,,477597.43121341174,USD
FX_VEGA,GBP/JPY,,6M,,23679.174772632265,USD
FX_VEGA,USD/EUR,,1M,,414014.4992451709,GBP
FX_VEGA,GBP/JPY,,1M,,425243.835283196,EUR
FX_VEGA,GBP/JPY,,1M,,11966.502026218066,GBP
FX_VEGA,USD/JPY,,1M,,758648.5191377869,USD
FX_VEGA,USD/EUR,,1Y,,409760.14481822966,EUR
FX_VEGA,GBP/JPY,,1M,,133928.69900697237,USD
FX_VEGA,USD/JPY,,1Y,,679619.3675163452,GBP
FX_VEGA,USD/JPY,,1M,,997097.4383920584,EUR
FX_VEGA,USD/EUR,,1Y,,288399.5828602454,EUR
FX_VEGA,USD/JPY,,1Y,,610435.5050329554,EUR
FX_VEGA,USD/EUR,,1Y,,554531.1123703708,GBP
FX_VEGA,USD/JPY,,1M,,471245.3125365777,EUR
FX_VEGA,USD/JPY,,1Y,,215662.3132509595,EUR
FX_VEGA,USD/EUR,,1Y,,90035.71173001365,GBP
FX_VEGA,USD/EUR,,1M,,480489.5775163419,EUR
FX_VEGA,USD/EUR,,6M,,375066.621835152,USD
FX_VEGA,USD/JPY,,1Y,,70162.29300026262,EUR
FX_VEGA,USD/EUR,,1Y,,389286.7181396797,GBP
FX_VEGA,GBP/JPY,,1M,,959607.0590753049,USD
FX_VEGA,USD/JPY,,1Y,,291832.8050050073,GBP
FX_VEGA,USD/JPY,,1Y,,169418.79108516872,EUR
FX_VEGA,USD/EUR,,6M,,844013.6222179943,EUR
FX_VEGA,USD/EUR,,1M,,444508.1203994372,GBP
FX_VEGA,USD/EUR,,6M,,155958.372335326,EUR
FX_VEGA,GBP/JPY,,1M,,430392.16015367326,USD
FX_VEGA,USD/JPY,,6M,,771764.7129648462,USD
FX_VEGA,USD/JPY,,1M,,828922.8991782633,USD
FX_VEGA,USD/JPY,,6M,,138524.01972393782,GBP
FX_VEGA,GBP/JPY,,1Y,,704138.3068776175,USD
FX_VEGA,USD/EUR,,1Y,,592272.7020575963,GBP
FX_VEGA,GBP/JPY,,6M,,669422.9629102172,EUR
FX_VEGA,USD/EUR,,6M,,455194.14357111143,EUR
FX_VEGA,USD/JPY,,1M,,279149.42870975833,EUR
FX_VEGA,GBP/JPY,,6M,,661598.3890170299,USD
FX_VEGA,GBP/JPY,,1Y,,655191.3859270501,EUR
FX_VEGA,GBP/JPY,,6M,,144851.80460405548,GBP
FX_VEGA,USD/EUR,,1Y,,95580.21674734101,GBP
FX_VEGA,USD/JPY,,6M,,651080.9466095266,USD
FX_VEGA,USD/EUR,,6M,,159766.48216528553,GBP
FX_VEGA,GBP/JPY,,6M,,267762.1741846075,GBP
FX_VEGA,GBP/JPY,,6M,,483407.6290393785,GBP
FX_VEGA,USD/JPY,,1Y,,710339.7357475389,GBP
FX_VEGA,USD/JPY,,1M,,645501.5110266767,USD
FX_VEGA,GBP/JPY,,1M,,179806.95488415522,EUR
FX_VEGA,GBP/JPY,,1M,,130870.11005118047,USD
FX_VEGA,GBP/JPY,,6M,,539139.4362162133,USD
FX_VEGA,USD/JPY,,1M,,103309.91165966535,EUR
FX_VEGA,USD/EUR,,6M,,200561.3782992831,GBP
FX_VEGA,GBP/JPY,,6M,,422272.29271305504,USD
FX_VEGA,USD/JPY,,1M,,631134.1287601234,GBP
FX_VEGA,GBP/JPY,,1Y,,825736.8387159166,GBP
FX_VEGA,USD/EUR,,6M,,654279.0688423339,EUR
FX_VEGA,USD/JPY,,1Y,,938114.7318832118,GBP
FX_VEGA,USD/EUR,,6M,,735488.3647314293,USD
FX_VEGA,USD/JPY,,1Y,,961547.4999583979,USD
FX_VEGA,USD/JPY,,1Y,,685031.3324440885,USD
FX_VEGA,USD/JPY,,1Y,,55663.99164607859,GBP
FX_VEGA,USD/EUR,,6M,,789697.4719417063,GBP
FX_VEGA,USD/JPY,,6M,,858872.8129289569,USD
FX_VEGA,USD/EUR,,1Y,,70905.48694643151,USD
FX_VEGA,GBP/JPY,,1M,,985509.2622772795,EUR
FX_VEGA,GBP/JPY,,1Y,,366995.7422633751,GBP
FX_VEGA,USD/JPY,,1M,,870516.1821309646,EUR
FX_VEGA,USD/EUR,,1M,,353367.6910874686,USD
FX_VEGA,USD/EUR,,1Y,,611110.0023911592,EUR
FX_VEGA,USD/EUR,,1Y,,871856.3735542975,USD
FX_VEGA,USD/JPY,,6M,,229573.52008618895,GBP
FX_VEGA,USD/EUR,,1Y,,177681.8963643,USD
FX_VEGA,GBP/JPY,,6M,,547620.092209789,USD
FX_VEGA,USD/JPY,,1Y,,964136.5769716002,USD
FX_VEGA,USD/EUR,,1M,,746491.6549566599,GBP
FX_VEGA,GBP/JPY,,6M,,303417.0848675966,USD
FX_VEGA,USD/EUR,,1M,,711641.6044320228,USD
FX_VEGA,GBP/JPY,,6M,,701284.0499236352,EUR
FX_VEGA,GBP/JPY,,1Y,,324824.78144553915,EUR
FX_VEGA,USD/JPY,,6M,,194938.28617537447,USD
FX_VEGA,USD/EUR,,1M,,35454.93162301126,USD
FX_VEGA,USD/JPY,,1M,,130616.82246856795,USD
FX_VEGA,USD/JPY,,1M,,370267.32226018974,USD
FX_VEGA,USD/JPY,,1Y,,974583.6777581995,EUR
FX_VEGA,USD/EUR,,6M,,923407.9879407145,USD
FX_VEGA,USD/JPY,,6M,,334642.19562381034,EUR
FX_VEGA,USD/JPY,,6M,,315196.2070349694,USD
FX_VEGA,USD/JPY,,1Y,,767774.3141542944,GBP
FX_VEGA,USD/EUR,,1Y,,580748.8324132039,GBP
FX_VEGA,USD/EUR,,6M,,846699.5177827599,EUR
FX_VEGA,USD/JPY,,1Y,,357781.09628964117,GBP
FX_VEGA,USD/JPY,,1M,,948219.3986396177,USD
FX_VEGA,USD/JPY,,1Y,,970529.0812378846,USD
FX_VEGA,USD/EUR,,6M,,864337.947642882,GBP
FX_VEGA,USD/EUR,,1Y,,223772.08991558946,EUR
FX_VEGA,USD/EUR,,1M,,435703.2965560297,EUR
FX_VEGA,USD/EUR,,6M,,961365.05316582,EUR
FX_VEGA,GBP/JPY,,1M,,812914.0115969346,USD
FX_VEGA,USD/EUR,,6M,,37916.79680196335,USD
FX_VEGA,GBP/JPY,,1Y,,607180.8146303946,GBP
FX_VEGA,USD/EUR,,1M,,662923.951099431,EUR
FX_VEGA,USD/JPY,,6M,,507954.86921015417,USD
FX_VEGA,USD/EUR,,1M,,110860.2521427796,EUR
FX_VEGA,USD/EUR,,1Y,,408104.1116500342,USD
FX_VEGA,USD/EUR,,6M,,512248.33340343623,GBP
FX_VEGA,USD/JPY,,6M,,294270.23958141846,USD
FX_VEGA,USD/JPY,,1Y,,25103.36237233811,GBP
FX_VEGA,USD/EUR,,1Y,,869345.6209733173,USD
FX_VEGA,GBP/JPY,,1M,,496597.2518665925,EUR
FX_VEGA,GBP/JPY,,6M,,993742.8464133397,GBP
FX_VEGA,USD/JPY,,1Y,,544479.6072346678,EUR
FX_VEGA,USD/EUR,,6M,,528173.5599032093,USD
FX_VEGA,USD/JPY,,1M,,631538.6870929087,GBP
FX_VEGA,GBP/JPY,,1Y,,788193.1707845515,USD
FX_VEGA,USD/EUR,,1M,,785138.3216343062,GBP
FX_VEGA,GBP/JPY,,6M,,985060.2057153714,USD
FX_VEGA,USD/EUR,,6M,,271375.62926211307,GBP
FX_VEGA,USD/EUR,,1Y,,558477.7274445628,EUR
FX_VEGA,USD/EUR,,1M,,648194.4875901644,GBP
FX_VEGA,USD/JPY,,1Y,,775694.1315364393,USD
FX_VEGA,GBP/JPY,,1Y,,247720.33853363528,EUR
FX_VEGA,USD/JPY,,6M,,862137.1069041502,GBP
FX_VEGA,USD/EUR,,1M,,409283.15037003835,EUR
FX_VEGA,GBP/JPY,,1Y,,18016.852693098255,USD
FX_VEGA,USD/EUR,,6M,,500554.3134180467,GBP
FX_VEGA,USD/JPY,,1Y,,858715.1545022217,GBP
FX_VEGA,GBP/JPY,,6M,,620700.80971105,USD
FX_VEGA,USD/JPY,,6M,,964016.391774508,EUR
FX_VEGA,USD/JPY,,6M,,528338.6087459684,USD
FX_VEGA,GBP/JPY,,6M,,893865.4557126455,USD
FX_VEGA,GBP/JPY,,1Y,,336595.35520965763,USD
FX_VEGA,USD/EUR,,1Y,,636925.2288901168,EUR
FX_VEGA,USD/EUR,,1M,,26771.109683027767,EUR
FX_VEGA,USD/EUR,,1Y,,535697.9920996461,GBP
FX_VEGA,GBP/JPY,,6M,,91610.39887167663,USD
FX_VEGA,GBP/JPY,,6M,,845397.1764315913,GBP
FX_VEGA,GBP/JPY,,1M,,175700.83650488363,GBP
FX_VEGA,GBP/JPY,,6M,,151251.75983703625,GBP
FX_VEGA,GBP/JPY,,1Y,,377897.419673268,EUR
FX_VEGA,USD/JPY,,1M,,676800.2638447324,GBP
FX_VEGA,USD/JPY,,1Y,,765501.5692772378,EUR
FX_VEGA,GBP/JPY,,6M,,381947.1352654847,EUR
FX_VEGA,USD/EUR,,1M,,811682.1528348697,EUR
FX_VEGA,USD/EUR,,6M,,999231.4528775744,USD
FX_VEGA,USD/EUR,,1M,,906008.2506631651,EUR
FX_VEGA,USD/JPY,,1Y,,886380.3461244357,USD
FX_VEGA,GBP/JPY,,6M,,641169.548286499,GBP
FX_VEGA,USD/EUR,,6M,,635816.1632945384,GBP
FX_VEGA,USD/JPY,,1Y,,455724.8488211065,EUR
FX_VEGA,GBP/JPY,,1M,,717024.0681358781,GBP
FX_VEGA,GBP/JPY,,6M,,65165.074646757654,GBP
FX_VEGA,GBP/JPY,,6M,,248333.84400338223,USD
FX_VEGA,USD/EUR,,1M,,858963.2027624858,EUR
FX_VEGA,USD/EUR,,6M,,909580.0392112724,USD
FX_VEGA,GBP/JPY,,1Y,,419783.6434760194,GBP
FX_VEGA,GBP/JPY,,6M,,970316.2941635083,EUR
FX_VEGA,GBP/JPY,,6M,,768033.0338295961,EUR
FX_VEGA,USD/JPY,,1M,,172218.73579163695,EUR
FX_VEGA,USD/EUR,,6M,,430958.421290458,EUR
FX_VEGA,GBP/JPY,,1M,,271207.62335631414,USD
FX_VEGA,GBP/JPY,,6M,,57191.29611547593,EUR
FX_VEGA,GBP/JPY,,6M,,501050.665829496,EUR
FX_VEGA,GBP/JPY,,6M,,54047.262194305746,EUR
FX_VEGA,USD/EUR,,1M,,592690.9850584571,USD
FX_VEGA,USD/JPY,,1M,,932327.9255371431,USD
FX_VEGA,USD/EUR,,1Y,,488654.5451464685,EUR
FX_VEGA,USD/EUR,,1M,,267926.11996317597,EUR
FX_VEGA,USD/JPY,,1M,,142502.21879407557,GBP
FX_VEGA,GBP/JPY,,1Y,,722459.1805349166,EUR
FX_VEGA,GBP/JPY,,6M,,234543.9869935283,GBP
FX_VEGA,USD/JPY,,6M,,664672.3310345272,USD
FX_VEGA,GBP/JPY,,1M,,742612.2280060366,GBP
FX_VEGA,USD/JPY,,1Y,,873973.9149394663,EUR
FX_VEGA,USD/EUR,,1M,,153531.14418685506,USD
FX_VEGA,USD/EUR,,1Y,,680788.6347508028,USD
FX_VEGA,USD/EUR,,1M,,614345.0809106585,EUR
FX_VEGA,GBP/JPY,,1M,,868049.9139475727,USD
FX_VEGA,GBP/JPY,,1M,,701754.5902407202,USD
FX_VEGA,USD/EUR,,1M,,725620.7431419377,USD
FX_VEGA,USD/EUR,,1M,,974052.8800113562,USD
FX_VEGA,GBP/JPY,,6M,,53032.14682062143,GBP
FX_VEGA,USD/JPY,,6M,,870064.7533066797,USD
FX_VEGA,USD/EUR,,1Y,,771346.9748113888,USD
FX_VEGA,GBP/JPY,,1M,,510278.2839949086,GBP
FX_VEGA,GBP/JPY,,1Y,,957615.8617499376,GBP
FX_VEGA,GBP/JPY,,1M,,810040.4036077651,USD
FX_VEGA,USD/JPY,,1Y,,973970.5174897247,GBP
FX_VEGA,USD/JPY,,1M,,584275.1473167422,GBP
FX_VEGA,USD/JPY,,6M,,25552.746319037848,GBP
FX_VEGA,GBP/JPY,,1M,,118725.82166282846,EUR
FX_VEGA,USD/EUR,,1Y,,187397.54522818496,GBP
FX_VEGA,GBP/JPY,,6M,,586017.9495649948,USD
FX_VEGA,USD/EUR,,1Y,,458870.66837979405,EUR
FX_VEGA,USD/EUR,,1Y,,67905.56130345904,USD
FX_VEGA,USD/EUR,,1Y,,510909.3240810108,USD
FX_VEGA,GBP/JPY,,1M,,443787.16365545563,USD
FX_VEGA,USD/JPY,,1M,,175792.86824588597,EUR
FX_VEGA,GBP/JPY,,6M,,811882.3251302375,GBP
FX_VEGA,USD/JPY,,1Y,,845735.6507547087,GBP
FX_VEGA,GBP/JPY,,6M,,350891.0358480327,EUR
FX_VEGA,USD/EUR,,1Y,,569374.110246491,GBP
FX_VEGA,USD/JPY,,6M,,175376.43023232094,EUR
FX_VEGA,USD/JPY,,1Y,,91101.08177108232,USD
FX_VEGA,GBP/JPY,,1M,,432317.64101357147,USD
FX_VEGA,USD/EUR,,1M,,454964.1368256252,USD
FX_VEGA,GBP/JPY,,1M,,308037.54617917474,EUR
FX_VEGA,USD/EUR,,6M,,894604.8548752215,USD
FX_VEGA,USD/JPY,,1Y,,271433.6038347193,GBP
FX_VEGA,USD/EUR,,1M,,873439.570511919,GBP
FX_VEGA,GBP/JPY,,6M,,261113.48600491628,EUR
FX_VEGA,USD/JPY,,1Y,,522195.62950569554,EUR
FX_VEGA,GBP/JPY,,6M,,36388.88969363383,USD
FX_VEGA,USD/JPY,,1M,,124692.01591661699,EUR
FX_VEGA,USD/EUR,,6M,,33455.95241992266,EUR
FX_VEGA,USD/EUR,,1Y,,602831.266071304,GBP
FX_VEGA,USD/JPY,,1M,,831792.8613884025,GBP
FX_VEGA,USD/EUR,,6M,,567645.223877641,EUR
FX_VEGA,USD/EUR,,1Y,,344172.4692096683,USD
FX_VEGA,USD/JPY,,1M,,457363.2360298474,GBP
FX_VEGA,USD/EUR,,1M,,98210.89285567663,EUR
FX_VEGA,USD/EUR,,1M,,740676.6272519146,USD
FX_VEGA,GBP/JPY,,1Y,,49158.72592865084,EUR
FX_VEGA,USD/EUR,,6M,,258244.29560843259,USD
FX_VEGA,GBP/JPY,,1Y,,634662.7636077979,USD
FX_VEGA,GBP/JPY,,1Y,,438989.2661885777,USD
FX_VEGA,USD/EUR,,6M,,302022.06076638465,EUR
FX_VEGA,GBP/JPY,,6M,,613347.6900067959,USD
FX_VEGA,USD/EUR,,1M,,187229.99391691174,EUR
FX_VEGA,USD/JPY,,1M,,880133.1240519204,EUR
FX_VEGA,GBP/JPY,,6M,,682412.718478097,USD
FX_VEGA,GBP/JPY,,6M,,986777.5181460154,EUR
FX_VEGA,GBP/JPY,,1Y,,977223.0267057155,EUR
FX_VEGA,GBP/JPY,,1Y,,99611.49901706784,USD
FX_VEGA,USD/EUR,,6M,,23533.1224654612,USD
FX_VEGA,USD/JPY,,1Y,,905750.8636876268,USD
FX_VEGA,USD/EUR,,6M,,81588.30757035673,EUR
FX_VEGA,USD/JPY,,6M,,551417.6026459249,USD
FX_VEGA,USD/EUR,,1M,,279174.9831112599,GBP
FX_VEGA,GBP/JPY,,6M,,487376.33117973094,EUR
FX_VEGA,GBP/JPY,,6M,,217656.2269660162,GBP
FX_VEGA,GBP/JPY,,1Y,,257678.9608133305,EUR
FX_VEGA,USD/JPY,,1M,,487746.8987467968,EUR
FX_VEGA,USD/EUR,,1Y,,808741.0996003908,USD
FX_VEGA,USD/EUR,,6M,,796877.1704164476,GBP
FX_VEGA,USD/JPY,,1Y,,374618.8246371623,EUR
FX_VEGA,USD/JPY,,6M,,603121.518676727,EUR
FX_VEGA,USD/JPY,,1M,,346285.3310694622,USD
FX_VEGA,USD/JPY,,1Y,,50973.731466185076,USD
FX_VEGA,USD/JPY,,1Y,,750651.818441102,GBP
FX_VEGA,USD/EUR,,1M,,568134.575773916,USD
FX_VEGA,GBP/JPY,,1Y,,940244.4148186829,EUR
FX_VEGA,GBP/JPY,,6M,,426723.82925115543,GBP
FX_VEGA,GBP/JPY,,1Y,,245945.9121376208,GBP
FX_VEGA,USD/JPY,,6M,,599118.2380778729,GBP
FX_VEGA,GBP/JPY,,6M,,506577.2968947603,EUR
FX_VEGA,USD/EUR,,6M,,979881.7712518576,GBP
FX_VEGA,GBP/JPY,,1M,,805302.8108973225,EUR
FX_VEGA,USD/JPY,,1Y,,586509.4314680608,USD
FX_VEGA,USD/EUR,,1Y,,649370.55214027,GBP
FX_VEGA,USD/JPY,,6M,,27288.01400308736,GBP
FX_VEGA,USD/JPY,,6M,,193158.34742190473,GBP
FX_VEGA,USD/EUR,,1Y,,493414.6653986342,GBP
FX_VEGA,USD/EUR,,6M,,208114.91080579514,EUR
FX_VEGA,GBP/JPY,,6M,,728760.7730141466,GBP
FX_VEGA,USD/JPY,,6M,,178623.47062828604,GBP
FX_VEGA,USD/EUR,,6M,,257199.06247367643,USD
FX_VEGA,GBP/JPY,,6M,,219163.72750843255,EUR
FX_VEGA,USD/EUR,,1M,,953161.2326585877,EUR
FX_VEGA,GBP/JPY,,1M,,864188.93108003,EUR
FX_VEGA,USD/JPY,,1Y,,773743.6019489518,USD
FX_VEGA,USD/JPY,,1M,,322107.7605946145,GBP
FX_VEGA,USD/JPY,,6M,,212464.94948201135,EUR
FX_VEGA,USD/EUR,,1Y,,993491.0923501555,USD
FX_VEGA,USD/EUR,,1M,,144862.27226542015,USD
FX_VEGA,GBP/JPY,,6M,,304621.30315883714,USD
FX_VEGA,USD/EUR,,1Y,,522764.6878638767,EUR
FX_VEGA,USD/JPY,,1Y,,966023.4202298381,GBP
FX_VEGA,USD/JPY,,1Y,,897273.8419576274,GBP
FX_VEGA,USD/EUR,,1Y,,386899.1261699953,EUR
FX_VEGA,USD/JPY,,6M,,257947.33059223276,EUR
FX_VEGA,GBP/JPY,,1Y,,829411.6691526743,EUR
FX_VEGA,GBP/JPY,,1Y,,171866.83711432206,USD
FX_VEGA,USD/EUR,,6M,,663031.0084498129,EUR
FX_VEGA,GBP/JPY,,6M,,658592.327156438,USD
FX_VEGA,USD/JPY,,6M,,205757.17161291727,USD
FX_VEGA,GBP/JPY,,1Y,,647147.5927449196,USD
FX_VEGA,USD/JPY,,1M,,823290.6653072014,USD
FX_VEGA,GBP/JPY,,6M,,838037.2620606682,GBP
FX_VEGA,GBP/JPY,,6M,,91160.8478947182,EUR
FX_VEGA,USD/EUR,,6M,,173860.61616218215,GBP
FX_VEGA,GBP/JPY,,1Y,,530202.5221332887,USD
FX_VEGA,USD/JPY,,6M,,261054.78215211933,USD
FX_VEGA,USD/JPY,,1M,,79558.14782396735,USD
FX_VEGA,USD/JPY,,1M,,204409.03066448378,GBP
FX_VEGA,USD/JPY,,1Y,,129087.08150674506,USD
FX_VEGA,USD/JPY,,6M,,142931.89933161146,GBP
FX_VEGA,USD/EUR,,6M,,354277.15418170334,GBP
FX_VEGA,GBP/JPY,,1M,,372913.000252407,USD
FX_VEGA,GBP/JPY,,6M,,192207.6978958723,EUR
FX_VEGA,USD/JPY,,1M,,619331.944292126,USD
FX_VEGA,USD/EUR,,1Y,,396348.6934331867,EUR
FX_VEGA,USD/EUR,,1M,,625859.6304249765,USD
FX_VEGA,GBP/JPY,,1M,,240433.78896930045,GBP
FX_VEGA,USD/JPY,,1Y,,784644.0105560985,USD
FX_VEGA,GBP/JPY,,1Y,,458545.8579164768,GBP
FX_VEGA,GBP/JPY,,6M,,185676.17644866635,USD
FX_VEGA,USD/JPY,,6M,,611335.3099556818,GBP
FX_VEGA,USD/EUR,,1M,,555171.760860981,USD
FX_VEGA,GBP/JPY,,6M,,603379.853533717,USD
FX_VEGA,GBP/JPY,,1Y,,80649.84079471136,EUR
FX_VEGA,USD/JPY,,1Y,,454266.1449409676,EUR
FX_VEGA,USD/EUR,,1Y,,236940.1784723395,USD
FX_VEGA,USD/EUR,,6M,,538756.6040230722,USD
FX_VEGA,USD/EUR,,1Y,,931386.0127683487,GBP
FX_VEGA,USD/EUR,,1Y,,406920.3398929763,USD
FX_VEGA,USD/EUR,,1Y,,47190.59398739795,EUR
FX_VEGA,USD/JPY,,6M,,11779.826966927161,EUR
FX_VEGA,USD/JPY,,6M,,438033.96651268465,USD
FX_VEGA,USD/EUR,,6M,,174369.54555207543,USD
FX_VEGA,USD/JPY,,1Y,,109651.11607531836,GBP
FX_VEGA,GBP/JPY,,1Y,,195297.03530163295,GBP
FX_VEGA,USD/JPY,,1Y,,882843.0762606742,GBP
FX_VEGA,USD/EUR,,6M,,137417.21474075783,USD
FX_VEGA,USD/EUR,,1M,,671367.8168130622,GBP
FX_VEGA,USD/EUR,,6M,,730839.6551977823,USD
FX_VEGA,USD/EUR,,1Y,,729354.2426799338,GBP
FX_VEGA,USD/EUR,,6M,,843793.7759672025,EUR
FX_VEGA,USD/JPY,,6M,,360144.5878801577,GBP
FX_VEGA,USD/JPY,,6M,,569557.2188944893,USD
FX_VEGA,USD/EUR,,6M,,174373.25271135403,GBP
FX_VEGA,USD/JPY,,1M,,171112.88643800913,USD
FX_VEGA,USD/JPY,,6M,,557021.2474813309,EUR
FX_VEGA,USD/JPY,,1M,,779773.5950568297,EUR
FX_VEGA,GBP/JPY,,1M,,957744.8255330027,USD
FX_VEGA,GBP/JPY,,1M,,963997.4713832117,GBP
FX_VEGA,GBP/JPY,,1Y,,191768.7373407469,GBP
FX_VEGA,USD/EUR,,1M,,898049.8898188982,EUR
FX_VEGA,USD/EUR,,1M,,887204.9045217423,EUR
FX_VEGA,GBP/JPY,,1M,,896713.0956806194,USD
FX_VEGA,USD/JPY,,1M,,687107.9337928643,EUR
FX_VEGA,USD/JPY,,6M,,809626.968833609,GBP
FX_VEGA,USD/EUR,,1Y,,349239.9441184334,EUR
FX_VEGA,GBP/JPY,,1Y,,383148.9167343586,EUR
FX_VEGA,USD/JPY,,1M,,825129.3311159203,EUR
FX_VEGA,GBP/JPY,,1Y,,998085.6115551849,EUR
FX_VEGA,GBP/JPY,,1Y,,315439.39748051367,USD
FX_VEGA,USD/EUR,,1M,,304758.5482136602,USD
FX_VEGA,USD/EUR,,1Y,,326325.0264420054,USD
FX_VEGA,GBP/JPY,,1Y,,552711.5339958301,GBP
FX_VEGA,USD/JPY,,1M,,394070.21431500127,GBP
FX_VEGA,USD/EUR,,6M,,446568.83537810884,USD
FX_VEGA,USD/EUR,,1M,,185284.15374534097,USD
FX_VEGA,GBP/JPY,,1M,,259146.8205130392,GBP
FX_VEGA,USD/EUR,,1Y,,276375.9179348136,USD
FX_VEGA,USD/JPY,,6M,,821706.8006742095,GBP
FX_VEGA,GBP/JPY,,1Y,,426393.78762799804,GBP
FX_VEGA,USD/EUR,,6M,,299085.3570320394,USD
FX_VEGA,USD/JPY,,6M,,905059.4322459969,GBP
FX_VEGA,USD/EUR,,1M,,261638.35825373098,EUR
FX_VEGA,USD/EUR,,1M,,520388.0184260795,GBP
FX_VEGA,USD/JPY,,6M,,468070.1089659619,GBP
FX_VEGA,GBP/JPY,,6M,,399262.56069051666,GBP
FX_VEGA,USD/JPY,,1M,,866479.4013751382,USD
FX_VEGA,GBP/JPY,,1Y,,336486.1192095319,GBP
FX_VEGA,USD/EUR,,1Y,,104695.79422565369,GBP
FX_VEGA,GBP/JPY,,1M,,793914.9027603775,USD
FX_VEGA,GBP/JPY,,6M,,459883.31248495926,USD
FX_VEGA,USD/JPY,,1Y,,503832.295278298,GBP
FX_VEGA,USD/EUR,,1M,,346757.7111902643,EUR
FX_VEGA,USD/EUR,,1M,,165149.51709312975,GBP
FX_VEGA,USD/EUR,,1Y,,453522.2231529538,GBP
FX_VEGA,USD/JPY,,6M,,809106.6764890662,EUR
FX_VEGA,USD/EUR,,1M,,643537.7537658035,USD
FX_VEGA,USD/JPY,,6M,,212912.59840520722,EUR
FX_VEGA,USD/EUR,,6M,,802770.822167245,GBP
FX_VEGA,USD/EUR,,6M,,960130.421757132,USD
FX_VEGA,GBP/JPY,,1M,,206741.5796861478,GBP
FX_VEGA,GBP/JPY,,6M,,126852.04430983814,USD
FX_VEGA,USD/JPY,,1M,,22806.87138789703,GBP
FX_VEGA,GBP/JPY,,6M,,672435.0535597188,GBP
FX_VEGA,USD/JPY,,1M,,396637.9439227481,USD
FX_VEGA,GBP/JPY,,6M,,220435.086881595,EUR
FX_VEGA,USD/EUR,,6M,,882146.7360558067,USD
FX_VEGA,USD/JPY,,6M,,105554.72588125861,EUR
FX_VEGA,USD/EUR,,1Y,,966604.5674913768,GBP
FX_VEGA,USD/EUR,,1M,,329699.8592697224,USD
FX_VEGA,USD/JPY,,1Y,,558183.8945137294,USD
FX_VEGA,USD/JPY,,6M,,148346.76528073,EUR
FX_VEGA,GBP/JPY,,6M,,711468.9290206752,GBP
FX_VEGA,GBP/JPY,,6M,,381982.6701410736,EUR
FX_VEGA,USD/JPY,,1Y,,627862.847549119,GBP
FX_VEGA,GBP/JPY,,1M,,396202.50789563963,USD
FX_VEGA,GBP/JPY,,1M,,253167.58925201913,EUR
FX_VEGA,USD/JPY,,6M,,926151.0319771394,EUR
FX_VEGA,USD/JPY,,1Y,,569318.5668530937,USD
FX_VEGA,USD/JPY,,1M,,56876.40257525305,USD
FX_VEGA,USD/EUR,,6M,,252707.7659373112,USD
FX_VEGA,USD/EUR,,1M,,876022.9843446604,GBP
FX_VEGA,GBP/JPY,,6M,,547617.6367021932,GBP
FX_VEGA,GBP/JPY,,6M,,423314.8472304257,GBP
FX_VEGA,USD/JPY,,6M,,797642.0892587638,GBP
FX_VEGA,GBP/JPY,,1Y,,116732.38117136274,EUR
FX_VEGA,USD/JPY,,6M,,27893.372207416403,EUR
FX_VEGA,GBP/JPY,,1Y,,600598.8890128587,GBP
FX_VEGA,GBP/JPY,,6M,,356219.73434073786,EUR
FX_VEGA,GBP/JPY,,6M,,927895.7713853802,EUR
FX_VEGA,USD/EUR,,1Y,,24150.674434646713,USD
FX_VEGA,USD/JPY,,1Y,,346594.0343448912,EUR
FX_VEGA,GBP/JPY,,1Y,,569127.2715284571,USD
FX_VEGA,USD/JPY,,1Y,,283325.53327495075,GBP
FX_VEGA,GBP/JPY,,1M,,136332.93127086802,GBP
FX_VEGA,USD/JPY,,1M,,125010.27675769835,EUR
FX_VEGA,USD/JPY,,1M,,739360.5471435952,GBP
FX_VEGA,USD/JPY,,1M,,56821.621445139834,USD
FX_VEGA,USD/EUR,,6M,,99516.4882297795,USD
FX_VEGA,GBP/JPY,,1M,,734551.0309309978,GBP
FX_VEGA,USD/EUR,,6M,,656548.3508976717,USD
FX_VEGA,USD/EUR,,1M,,492149.40017973585,USD
FX_VEGA,USD/JPY,,6M,,249538.81387069935,GBP
FX_VEGA,USD/JPY,,6M,,243037.76965015213,GBP
FX_VEGA,USD/EUR,,1Y,,488897.0399919296,USD
FX_VEGA,GBP/JPY,,6M,,170627.27470825452,EUR
FX_VEGA,USD/JPY,,1M,,960776.2986907279,USD
FX_VEGA,USD/JPY,,1M,,510053.6528716255,USD
FX_VEGA,USD/JPY,,1M,,319773.3011779473,USD
FX_VEGA,GBP/JPY,,6M,,656681.0387179987,GBP
FX_VEGA,USD/EUR,,1Y,,394257.92929278855,EUR
FX_VEGA,USD/EUR,,1Y,,545969.7794247236,USD
FX_VEGA,USD/EUR,,6M,,321061.87135065976,USD
FX_VEGA,GBP/JPY,,6M,,443791.8780045676,EUR
FX_VEGA,USD/JPY,,1Y,,391605.9783200076,EUR
FX_VEGA,GBP/JPY,,6M,,753482.003957042,USD
FX_VEGA,USD/JPY,,1M,,708874.8440038131,USD
FX_VEGA,USD/JPY,,1M,,29736.96327210202,EUR
FX_VEGA,GBP/JPY,,1Y,,755078.0755759577,EUR
FX_VEGA,USD/JPY,,1Y,,225218.17917438142,GBP
FX_VEGA,USD/EUR,,1Y,,221163.25083756793,USD
FX_VEGA,USD/EUR,,6M,,574023.459573186,EUR
FX_VEGA,GBP/JPY,,1M,,300013.92861474113,EUR
FX_VEGA,USD/EUR,,1M,,346247.38139217114,GBP
FX_VEGA,GBP/JPY,,1Y,,548884.4737165484,EUR
FX_VEGA,USD/JPY,,1M,,80820.10719798323,GBP
FX_VEGA,USD/EUR,,6M,,185275.12630109122,USD
FX_VEGA,GBP/JPY,,1Y,,878635.1808405115,USD
FX_VEGA,GBP/JPY,,6M,,498425.109143485,USD
FX_VEGA,USD/JPY,,6M,,698769.1771302135,USD
FX_VEGA,USD/JPY,,6M,,779025.0119253134,EUR
FX_VEGA,USD/JPY,,1Y,,931589.5131876821,USD
FX_VEGA,USD/JPY,,1Y,,477975.919054022,EUR
FX_VEGA,GBP/JPY,,1M,,283355.1866969464,USD
FX_VEGA,USD/JPY,,6M,,327862.45905338245,EUR
FX_VEGA,GBP/JPY,,1Y,,550760.3705193141,GBP
FX_VEGA,USD/EUR,,6M,,721532.4327304946,GBP
FX_VEGA,USD/EUR,,6M,,460911.23990113486,USD
FX_VEGA,USD/JPY,,6M,,886737.6552672836,EUR
FX_VEGA,USD/JPY,,1Y,,597329.3703961769,EUR
FX_VEGA,USD/EUR,,1M,,854781.2981755442,USD
FX_VEGA,USD/JPY,,1Y,,533965.6554496423,USD
FX_VEGA,USD/EUR,,1M,,359783.0582184247,GBP
FX_VEGA,USD/EUR,,6M,,458453.48992902297,USD
FX_VEGA,GBP/JPY,,6M,,899796.1607537603,GBP
FX_VEGA,GBP/JPY,,6M,,311395.43789107096,GBP
FX_VEGA,USD/JPY,,1M,,499018.8818696924,USD
FX_VEGA,USD/EUR,,1M,,392830.35648309055,USD
FX_VEGA,GBP/JPY,,6M,,288205.1442495462,USD
FX_VEGA,USD/JPY,,1M,,840586.3847178692,EUR
FX_VEGA,GBP/JPY,,1Y,,808898.6882903252,EUR
FX_VEGA,USD/JPY,,6M,,997816.4744659862,GBP
FX_VEGA,GBP/JPY,,6M,,490280.91038523044,USD
FX_VEGA,USD/EUR,,1Y,,674361.1509078873,GBP
FX_VEGA,GBP/JPY,,1M,,329445.2225194331,EUR
FX_VEGA,USD/EUR,,1M,,328618.2375404511,EUR
FX_VEGA,USD/EUR,,1M,,336015.6413708902,EUR
FX_VEGA,USD/JPY,,1M,,909585.5537530152,EUR
FX_VEGA,USD/JPY,,1Y,,959543.1140841731,GBP
FX_VEGA,USD/JPY,,1Y,,901972.7738301224,GBP
FX_VEGA,GBP/JPY,,1M,,394253.5282588635,EUR
FX_VEGA,GBP/JPY,,1Y,,431737.0644947815,USD
FX_VEGA,GBP/JPY,,1M,,873412.5890295185,GBP
FX_VEGA,USD/EUR,,1M,,19291.941743341886,EUR
FX_VEGA,USD/JPY,,1M,,901184.1004154488,GBP
FX_VEGA,USD/EUR,,1M,,614925.9578529068,EUR
FX_VEGA,GBP/JPY,,1Y,,637332.5903425844,GBP
FX_VEGA,USD/JPY,,6M,,716294.4109050101,GBP
FX_VEGA,USD/JPY,,1Y,,521447.04473126977,GBP
FX_VEGA,USD/EUR,,1M,,769009.812351352,EUR
FX_VEGA,USD/JPY,,1Y,,638435.203489576,EUR
FX_VEGA,USD/EUR,,1Y,,242359.333496643,GBP
FX_VEGA,USD/JPY,,1Y,,823037.7077122448,USD
FX_VEGA,USD/JPY,,1M,,517521.7526685848,GBP
FX_VEGA,USD/EUR,,1M,,17580.889382077054,GBP
FX_VEGA,USD/JPY,,6M,,596308.6653264601,EUR
FX_VEGA,USD/EUR,,6M,,215850.13250236632,EUR
FX_VEGA,USD/EUR,,6M,,964321.4709089798,EUR
FX_VEGA,USD/JPY,,1Y,,423654.9880948314,GBP
FX_VEGA,USD/EUR,,6M,,429032.02800791565,EUR
FX_VEGA,GBP/JPY,,1M,,789093.1794096164,USD
FX_VEGA,GBP/JPY,,1Y,,165970.37700550104,GBP
FX_VEGA,USD/JPY,,1Y,,534061.7261343845,EUR
FX_VEGA,USD/JPY,,1M,,113251.56339206926,GBP
FX_VEGA,USD/JPY,,1M,,753395.2206626113,EUR
FX_VEGA,USD/JPY,,1Y,,636407.9436854735,GBP
FX_VEGA,GBP/JPY,,1Y,,650238.2376301972,USD
FX_VEGA,GBP/JPY,,6M,,225103.5716785625,EUR
FX_VEGA,USD/JPY,,6M,,923702.4424703729,GBP
FX_VEGA,USD/EUR,,1M,,724089.7413606162,GBP
FX_VEGA,USD/EUR,,1M,,408870.6390515991,GBP
FX_VEGA,USD/EUR,,1Y,,91363.22152358695,EUR
FX_VEGA,GBP/JPY,,1Y,,504546.775193671,EUR
FX_VEGA,GBP/JPY,,1M,,156247.8451642237,EUR
FX_VEGA,GBP/JPY,,6M,,547903.7902777242,EUR
FX_VEGA,USD/EUR,,1Y,,873729.2552095308,EUR
FX_VEGA,GBP/JPY,,6M,,63621.30486597792,GBP
FX_VEGA,USD/EUR,,1M,,127612.08275238927,GBP
FX_VEGA,USD/EUR,,6M,,449936.8263400651,USD
FX_VEGA,USD/JPY,,1Y,,348168.183473385,USD
FX_VEGA,GBP/JPY,,6M,,551927.9196499614,USD
FX_VEGA,USD/JPY,,1Y,,806920.0970466208,EUR
FX_VEGA,USD/JPY,,1Y,,201190.05868029228,GBP
FX_VEGA,GBP/JPY,,1Y,,711753.7017380175,USD
FX_VEGA,USD/EUR,,1M,,884844.5452188218,USD
FX_VEGA,USD/JPY,,1M,,497272.71451046516,EUR
FX_VEGA,GBP/JPY,,1Y,,292553.08608364064,GBP
FX_VEGA,USD/JPY,,6M,,621386.0753163208,EUR
FX_VEGA,USD/EUR,,6M,,894542.1064714477,GBP
FX_VEGA,USD/EUR,,1M,,111285.08714362857,USD
FX_VEGA,USD/EUR,,1Y,,515661.6963430257,EUR
FX_VEGA,USD/JPY,,6M,,273314.18729099777,USD
FX_VEGA,USD/JPY,,1M,,419687.1818295181,USD
FX_VEGA,GBP/JPY,,1M,,471838.2288662044,EUR
FX_VEGA,GBP/JPY,,1Y,,731112.9424133281,EUR
FX_VEGA,GBP/JPY,,1Y,,283301.07563680294,EUR
FX_VEGA,USD/JPY,,1M,,281573.5059611224,GBP
FX_VEGA,USD/JPY,,6M,,782722.7166913738,EUR
FX_VEGA,GBP/JPY,,6M,,647183.1378976079,EUR
FX_VEGA,USD/JPY,,1M,,245932.18697065263,USD
FX_VEGA,USD/JPY,,6M,,539021.9933236433,USD
FX_VEGA,USD/EUR,,1M,,10801.43941533488,EUR
FX_VEGA,USD/EUR,,6M,,198019.3979960708,EUR
FX_VEGA,USD/EUR,,6M,,574456.0951758967,EUR
FX_VEGA,GBP/JPY,,1M,,321363.05778360105,GBP
FX_VEGA,USD/EUR,,1Y,,772957.2949933526,GBP
FX_VEGA,USD/EUR,,1Y,,724150.048126116,GBP
FX_VEGA,USD/JPY,,1Y,,500015.3658717311,USD
FX_VEGA,USD/JPY,,1Y,,456000.8119867601,USD
FX_VEGA,USD/EUR,,1Y,,265575.73740126134,USD
FX_VEGA,GBP/JPY,,1M,,786425.1435171335,USD
FX_VEGA,GBP/JPY,,1M,,111773.7206242722,EUR
FX_VEGA,GBP/JPY,,1Y,,458145.10981290357,USD
FX_VEGA,USD/EUR,,1Y,,331976.2880971032,GBP
FX_VEGA,USD/EUR,,1Y,,195061.84240496389,EUR
FX_VEGA,GBP/JPY,,1M,,56628.10829635205,EUR
FX_VEGA,USD/JPY,,6M,,124233.8551143082,GBP
FX_VEGA,USD/JPY,,1M,,487498.94640856073,USD
FX_VEGA,USD/EUR,,1M,,690199.5297909206,GBP
FX_VEGA,USD/JPY,,1Y,,341188.68761595787,EUR
FX_VEGA,USD/JPY,,1Y,,436510.8879034623,GBP
FX_VEGA,GBP/JPY,,6M,,578577.13195729,GBP
FX_VEGA,GBP/JPY,,6M,,20089.257908877124,USD
FX_VEGA,USD/JPY,,1Y,,738674.1855986787,GBP
FX_VEGA,USD/JPY,,1M,,68998.7728562708,GBP
FX_VEGA,USD/JPY,,1Y,,656938.7782876116,GBP
FX_VEGA,GBP/JPY,,1Y,,720947.270817914,GBP
FX_VEGA,USD/JPY,,6M,,922190.2757106831,EUR
FX_VEGA,USD/EUR,,1M,,633595.5242592827,USD
FX_VEGA,USD/EUR,,1Y,,676522.8046856747,GBP
FX_VEGA,USD/JPY,,1Y,,117392.88245145143,EUR
FX_VEGA,USD/EUR,,6M,,323738.4090041877,USD
FX_VEGA,GBP/JPY,,6M,,560076.0191391496,EUR
FX_VEGA,GBP/JPY,,1M,,937892.0820820816,EUR
FX_VEGA,USD/JPY,,6M,,327368.5896693001,EUR
FX_VEGA,GBP/JPY,,1M,,241552.90677003824,USD
FX_VEGA,USD/EUR,,6M,,548267.3633649622,USD
FX_VEGA,USD/EUR,,6M,,653583.2493124641,GBP
FX_VEGA,USD/EUR,,6M,,518131.8168217198,USD
FX_VEGA,GBP/JPY,,1M,,268850.4718883495,EUR
FX_VEGA,USD/JPY,,6M,,636614.9033927437,USD
FX_VEGA,GBP/JPY,,1Y,,773493.5421811502,EUR
FX_VEGA,GBP/JPY,,6M,,739931.181899272,USD
FX_VEGA,GBP/JPY,,1Y,,879625.0280785776,USD
FX_VEGA,USD/JPY,,6M,,122985.66324576178,EUR
FX_VEGA,GBP/JPY,,1M,,374254.54848487495,GBP
FX_VEGA,USD/JPY,,1M,,165845.05300451606,GBP
FX_VEGA,GBP/JPY,,1M,,811829.5942807287,GBP
FX_VEGA,USD/EUR,,1Y,,845688.5748727653,GBP
FX_VEGA,GBP/JPY,,1Y,,554602.0116766328,GBP
FX_VEGA,USD/JPY,,1M,,28481.1484053603,GBP
FX_VEGA,GBP/JPY,,1Y,,670343.780539555,GBP
FX_VEGA,USD/EUR,,6M,,200803.13277467995,USD
FX_VEGA,USD/EUR,,6M,,965307.5223910896,EUR
FX_VEGA,USD/JPY,,1Y,,611122.503882817,EUR
FX_VEGA,USD/JPY,,1M,,676256.1158510795,USD
FX_VEGA,USD/EUR,,1Y,,712802.5528293472,EUR
FX_VEGA,USD/EUR,,6M,,193077.25089701798,EUR
FX_VEGA,USD/EUR,,1Y,,331244.05916986533,GBP
FX_VEGA,USD/JPY,,6M,,135917.36582294066,USD
FX_VEGA,USD/EUR,,6M,,903334.907936128,USD
FX_VEGA,USD/JPY,,1Y,,321111.1771766809,EUR
FX_VEGA,USD/JPY,,6M,,693773.4634236569,EUR
FX_VEGA,USD/JPY,,1Y,,423286.9661188355,EUR
FX_VEGA,GBP/JPY,,1Y,,974322.8924532993,GBP
FX_VEGA,USD/JPY,,1M,,275913.2023371432,GBP
FX_VEGA,USD/JPY,,1Y,,953615.6558369033,GBP
FX_VEGA,USD/JPY,,1Y,,944907.8129186532,EUR
FX_VEGA,GBP/JPY,,1Y,,66260.51762747398,GBP
FX_VEGA,GBP/JPY,,6M,,794527.3226496348,USD
FX_VEGA,USD/JPY,,6M,,915704.4460762863,GBP
FX_VEGA,USD/JPY,,1M,,783610.9363921653,USD
FX_VEGA,USD/JPY,,1M,,166155.72648942118,USD
FX_VEGA,USD/EUR,,1M,,892282.8220555041,EUR
FX_VEGA,GBP/JPY,,1Y,,723402.1364065199,USD
FX_VEGA,GBP/JPY,,1M,,774083.6680563606,EUR
FX_VEGA,USD/EUR,,6M,,992389.3566942869,GBP
FX_VEGA,USD/EUR,,1Y,,369292.4006032304,EUR
FX_VEGA,USD/EUR,,6M,,496870.9498045288,GBP
FX_VEGA,USD/EUR,,1M,,695958.1403594938,GBP
FX_VEGA,USD/EUR,,1M,,535031.0354675597,USD
FX_VEGA,USD/EUR,,1Y,,229047.20049799242,USD
FX_VEGA,USD/EUR,,1M,,340173.66624622984,USD
FX_VEGA,USD/JPY,,1M,,650795.3798441243,GBP
FX_VEGA,USD/JPY,,1Y,,556457.3402442824,GBP
FX_VEGA,GBP/JPY,,6M,,50993.79089650453,USD
FX_VEGA,USD/JPY,,1M,,464205.84250116674,USD
FX_VEGA,USD/EUR,,1Y,,156229.92813059306,GBP
FX_VEGA,USD/JPY,,1M,,957707.3403716586,USD
FX_VEGA,USD/JPY,,1M,,123089.27436280873,GBP
FX_VEGA,GBP/JPY,,1M,,559315.842420495,EUR
FX_VEGA,GBP/JPY,,6M,,595017.6337797408,GBP
FX_VEGA,USD/JPY,,1Y,,780863.3435629804,USD
FX_VEGA,USD/JPY,,1M,,660000.5887061621,GBP
FX_VEGA,GBP/JPY,,6M,,198270.40399539832,EUR
FX_VEGA,GBP/JPY,,6M,,84044.41228039132,GBP
FX_VEGA,USD/JPY,,1M,,461925.79581953766,EUR
FX_VEGA,USD/JPY,,1M,,596706.1047289077,GBP
FX_VEGA,GBP/JPY,,6M,,434610.79218157235,USD
FX_VEGA,USD/EUR,,1M,,289580.1390990015,EUR
FX_VEGA,GBP/JPY,,6M,,321421.15310560254,USD
FX_VEGA,USD/JPY,,6M,,29445.820460301427,USD
FX_VEGA,USD/JPY,,6M,,993923.1645473355,EUR
FX_VEGA,GBP/JPY,,1M,,231076.44809453544,GBP
FX_VEGA,GBP/JPY,,1M,,842470.512119295,USD
FX_VEGA,GBP/JPY,,1M,,992310.554345486,GBP
FX_VEGA,USD/EUR,,6M,,345588.550087659,GBP
FX_VEGA,USD/JPY,,1Y,,305880.2123706102,GBP
FX_VEGA,GBP/JPY,,1Y,,579012.2560674584,EUR
FX_VEGA,USD/EUR,,1M,,991783.9201301975,USD
FX_VEGA,USD/EUR,,1Y,,838007.6966498898,GBP
FX_VEGA,USD/JPY,,1Y,,463288.3250263516,USD
FX_VEGA,GBP/JPY,,1Y,,940886.6992065383,USD
FX_VEGA,USD/JPY,,1M,,162307.37722315712,EUR
FX_VEGA,USD/JPY,,1M,,920897.8490572429,EUR
FX_VEGA,GBP/JPY,,1M,,383274.86998244625,EUR
FX_VEGA,USD/JPY,,1Y,,821478.3697321542,EUR
FX_VEGA,USD/EUR,,1M,,689268.9957603818,USD
FX_VEGA,USD/JPY,,6M,,654190.2979185996,GBP
FX_VEGA,USD/EUR,,1M,,344502.04101687914,GBP
FX_VEGA,USD/EUR,,1M,,349869.56151788693,USD
FX_VEGA,USD/EUR,,1M,,967093.9225619006,GBP
FX_VEGA,USD/JPY,,1Y,,155772.33015229198,GBP
FX_VEGA,USD/EUR,,6M,,409576.15795059875,GBP
FX_VEGA,GBP/JPY,,6M,,917163.9725568425,EUR
FX_VEGA,USD/JPY,,6M,,574939.9581260906,EUR
FX_VEGA,USD/EUR,,6M,,930972.418656972,EUR
FX_VEGA,USD/JPY,,1Y,,269971.9659474746,EUR
FX_VEGA,USD/EUR,,1Y,,751381.3102708939,GBP
FX_VEGA,USD/EUR,,1M,,534475.7997622245,GBP
FX_VEGA,USD/EUR,,6M,,161778.8103934077,EUR
FX_VEGA,USD/EUR,,6M,,661159.2824324031,USD
FX_VEGA,GBP/JPY,,1Y,,164297.71683632056,EUR
FX_VEGA,USD/EUR,,1Y,,475534.06354091957,USD
FX_VEGA,USD/EUR,,1M,,618063.7356670364,GBP
FX_VEGA,USD/EUR,,1Y,,643613.3537409607,EUR
FX_VEGA,USD/EUR,,6M,,497343.4531268855,USD
FX_VEGA,GBP/JPY,,1M,,745004.4108062364,EUR
FX_VEGA,GBP/JPY,,1M,,958565.97388677,GBP
FX_VEGA,USD/JPY,,6M,,213695.641342382,USD
FX_VEGA,USD/JPY,,1Y,,777619.6046561688,GBP
FX_VEGA,USD/EUR,,1Y,,486851.5477525935,EUR
FX_VEGA,USD/EUR,,1M,,172002.21533724054,EUR
FX_VEGA,USD/EUR,,1M,,704694.2375504179,GBP
FX_VEGA,USD/EUR,,1M,,859273.4821467315,EUR
FX_VEGA,USD/JPY,,6M,,300286.3954128755,EUR
FX_VEGA,USD/JPY,,1M,,477583.7758716231,GBP
FX_VEGA,GBP/JPY,,1M,,171760.99683550064,EUR
FX_VEGA,GBP/JPY,,1M,,756744.7274728871,USD
FX_VEGA,USD/EUR,,6M,,854810.3437065365,EUR
FX_VEGA,GBP/JPY,,1Y,,429254.68533193704,EUR
FX_VEGA,USD/EUR,,1M,,447516.2419848571,EUR
FX_VEGA,USD/EUR,,6M,,849272.668238204,EUR
FX_VEGA,GBP/JPY,,1Y,,166962.39388796425,EUR
FX_VEGA,USD/JPY,,1Y,,368305.71947528375,USD
FX_VEGA,USD/EUR,,1M,,956331.6004794651,USD
FX_VEGA,GBP/JPY,,1M,,338741.92015457654,USD
FX_VEGA,USD/JPY,,6M,,302663.9695078279,USD
FX_VEGA,USD/EUR,,1M,,459746.5205659357,EUR
FX_VEGA,GBP/JPY,,6M,,123419.80635524128,EUR
FX_VEGA,USD/EUR,,6M,,835719.3658626056,EUR
FX_VEGA,GBP/JPY,,1Y,,917135.83379909,EUR
FX_VEGA,USD/JPY,,1M,,231858.49117812086,USD
FX_VEGA,USD/EUR,,1M,,38936.41216257316,GBP
FX_VEGA,GBP/JPY,,6M,,613863.7688119438,USD
FX_VEGA,USD/EUR,,1Y,,772537.2659121944,USD
FX_VEGA,USD/EUR,,1Y,,882321.1933591688,GBP
FX_VEGA,USD/JPY,,6M,,497878.90082609816,GBP
FX_VEGA,GBP/JPY,,1M,,694854.0498879018,GBP
FX_VEGA,USD/JPY,,1Y,,102180.64204677421,GBP
FX_VEGA,GBP/JPY,,1Y,,82891.42402983361,GBP
FX_VEGA,GBP/JPY,,6M,,696919.6246645337,USD
FX_VEGA,USD/JPY,,1Y,,201258.3504473464,EUR
FX_VEGA,USD/EUR,,1Y,,152535.44968667347,USD
FX_VEGA,GBP/JPY,,6M,,490403.0313333882,EUR
FX_VEGA,USD/EUR,,1Y,,197772.46107543824,EUR
FX_VEGA,USD/EUR,,6M,,864037.8338494626,USD
FX_VEGA,USD/EUR,,1Y,,315429.38675648835,GBP
FX_VEGA,GBP/JPY,,1M,,307854.9090065571,EUR
FX_VEGA,GBP/JPY,,1M,,515772.98173764796,EUR
FX_VEGA,USD/JPY,,6M,,233954.1018365839,GBP
FX_VEGA,USD/JPY,,6M,,608790.457757562,GBP
FX_VEGA,USD/EUR,,1M,,670312.2821753616,USD
FX_VEGA,USD/EUR,,1M,,910986.2779015934,USD
FX_VEGA,USD/JPY,,1Y,,402127.7508725482,USD
FX_VEGA,GBP/JPY,,1M,,153151.5502872729,EUR
FX_VEGA,USD/JPY,,1M,,962003.569219882,GBP
FX_VEGA,USD/JPY,,6M,,164710.38986275962,EUR
FX_VEGA,USD/JPY,,1Y,,94663.54254808226,GBP
FX_VEGA,USD/JPY,,1M,,42743.730402301255,EUR
FX_VEGA,USD/EUR,,1Y,,443404.08314560377,GBP
FX_VEGA,GBP/JPY,,1M,,635939.6524142396,EUR
FX_VEGA,USD/JPY,,1M,,749666.4174253041,GBP
FX_VEGA,USD/EUR,,6M,,230893.70013191015,EUR
FX_VEGA,GBP/JPY,,1M,,434027.61511954083,GBP
FX_VEGA,USD/EUR,,1Y,,848022.2382708506,GBP
FX_VEGA,GBP/JPY,,6M,,779592.4435379393,GBP
FX_VEGA,USD/JPY,,1M,,941150.677553787,USD
FX_VEGA,USD/JPY,,1M,,97221.28937875811,USD
FX_VEGA,USD/JPY,,6M,,40142.15670179286,EUR
FX_VEGA,USD/EUR,,1Y,,580675.3717381257,USD
FX_VEGA,GBP/JPY,,1Y,,469283.75776521675,EUR
FX_VEGA,USD/JPY,,1M,,587010.0354933549,GBP
FX_VEGA,GBP/JPY,,1M,,820783.9710510982,USD
FX_VEGA,GBP/JPY,,6M,,467109.5152534744,EUR
FX_VEGA,USD/JPY,,1Y,,193800.23684196844,USD
FX_VEGA,GBP/JPY,,1Y,,668081.9644718119,GBP
FX_VEGA,GBP/JPY,,1M,,637941.208497716,GBP
FX_VEGA,USD/EUR,,6M,,642466.3146007637,EUR
FX_VEGA,GBP/JPY,,6M,,194647.44454621008,USD
FX_VEGA,USD/EUR,,6M,,252337.01467193247,EUR
FX_VEGA,USD/EUR,,1M,,582952.297094012,USD
FX_VEGA,USD/EUR,,6M,,370334.15840891394,USD
FX_VEGA,USD/EUR,,1Y,,832813.6352744001,EUR
FX_VEGA,USD/JPY,,6M,,908247.369003927,GBP
FX_VEGA,GBP/JPY,,6M,,554915.6171531286,USD
FX_VEGA,USD/EUR,,1Y,,482515.6843757156,USD
FX_VEGA,USD/JPY,,1M,,239920.80443200574,USD
FX_VEGA,USD/EUR,,1M,,453896.81296651636,EUR
FX_VEGA,USD/EUR,,6M,,132662.17982437182,USD
FX_VEGA,USD/JPY,,6M,,624383.3021390921,USD
FX_VEGA,USD/JPY,,1Y,,933195.1385141242,USD
FX_VEGA,USD/JPY,,1M,,292139.21582615434,USD
FX_VEGA,USD/JPY,,6M,,164436.1716641481,EUR
FX_VEGA,USD/EUR,,1Y,,429094.5279272738,USD
FX_VEGA,USD/EUR,,1M,,615186.8288240127,USD
FX_VEGA,USD/JPY,,1M,,45148.74710583662,GBP
FX_VEGA,USD/JPY,,1Y,,633385.0379036461,GBP
FX_VEGA,USD/EUR,,6M,,18841.79588961621,GBP
FX_VEGA,USD/EUR,,1M,,913494.4333671066,GBP
FX_VEGA,USD/EUR,,1Y,,542633.5050251787,GBP
FX_VEGA,GBP/JPY,,1Y,,189400.00789650943,EUR
FX_VEGA,USD/JPY,,1Y,,930403.5048154781,GBP
FX_VEGA,GBP/JPY,,1M,,977606.5471808133,USD
FX_VEGA,GBP/JPY,,1Y,,782244.4635832784,EUR
FX_VEGA,USD/JPY,,1M,,451954.72918431764,EUR
FX_VEGA,USD/JPY,,6M,,691623.0645136982,EUR
FX_VEGA,USD/EUR,,1Y,,854042.7922493003,USD
FX_VEGA,USD/EUR,,1M,,792699.1046289842,EUR
FX_VEGA,USD/JPY,,1Y,,953206.4373208173,USD
FX_VEGA,USD/JPY,,1Y,,862730.6760961709,GBP
FX_VEGA,GBP/JPY,,6M,,708981.040167392,GBP
FX_VEGA,USD/EUR,,1M,,957502.1361435825,GBP
FX_VEGA,GBP/JPY,,6M,,802836.2097569433,GBP
FX_VEGA,USD/JPY,,1Y,,173985.40079176083,EUR
FX_VEGA,USD/JPY,,1M,,406498.06029662717,EUR
FX_VEGA,USD/EUR,,1M,,52947.00229818282,EUR
FX_VEGA,USD/JPY,,1Y,,59420.14952746601,USD
FX_VEGA,GBP/JPY,,6M,,532517.1067195085,EUR
FX_VEGA,USD/JPY,,6M,,491159.5310157765,USD
FX_VEGA,USD/EUR,,1M,,831183.47151893,EUR
FX_VEGA,GBP/JPY,,6M,,560476.4122289664,USD
FX_VEGA,USD/EUR,,1M,,177967.72485006743,EUR
FX_VEGA,GBP/JPY,,6M,,476615.28066606965,GBP
FX_VEGA,USD/JPY,,1Y,,349425.65100792196,USD
FX_VEGA,USD/JPY,,1Y,,52138.436482863595,USD
FX_VEGA,USD/EUR,,1M,,317192.87996975734,EUR
FX_VEGA,USD/EUR,,6M,,536277.0699777467,GBP
FX_VEGA,USD/EUR,,6M,,916987.0518844138,USD
FX_VEGA,GBP/JPY,,6M,,954110.5894575894,EUR
FX_VEGA,USD/JPY,,1Y,,474133.64946992096,EUR
FX_VEGA,USD/JPY,,6M,,681250.1768150891,USD
FX_VEGA,GBP/JPY,,6M,,511173.4734747895,EUR
FX_VEGA,USD/JPY,,1Y,,719261.1663305803,USD
FX_VEGA,USD/EUR,,1Y,,432187.6381372258,EUR
FX_VEGA,GBP/JPY,,6M,,752941.6502851199,USD
FX_VEGA,USD/JPY,,1M,,466176.4853074625,USD
FX_VEGA,USD/EUR,,1M,,900141.4042558215,GBP
FX_VEGA,GBP/JPY,,6M,,113864.79587230676,EUR
FX_VEGA,GBP/JPY,,1M,,300883.1775288605,EUR
FX_VEGA,USD/JPY,,1M,,263599.58911216294,USD
FX_VEGA,GBP/JPY,,1M,,731341.3143983609,GBP
FX_VEGA,USD/JPY,,1M,,259579.0308988987,EUR
FX_VEGA,USD/EUR,,1Y,,867846.9706310091,GBP
FX_VEGA,GBP/JPY,,1Y,,210771.89945512937,GBP
FX_VEGA,USD/JPY,,1Y,,432768.8755497044,EUR
FX_VEGA,USD/JPY,,1Y,,357952.1935968407,GBP
FX_VEGA,USD/EUR,,6M,,845452.8317532626,EUR
FX_VEGA,USD/EUR,,6M,,821900.5159271562,GBP
FX_VEGA,GBP/JPY,,1Y,,205993.26310550811,USD
FX_VEGA,GBP/JPY,,1Y,,394966.70952663565,EUR
FX_VEGA,USD/EUR,,6M,,497679.20441559085,EUR
FX_VEGA,USD/EUR,,1M,,52025.544709905196,EUR
FX_VEGA,USD/JPY,,1Y,,899616.5802688762,GBP
FX_VEGA,USD/JPY,,1Y,,809882.0782550691,EUR
FX_VEGA,USD/JPY,,1M,,783619.7890127841,GBP
FX_VEGA,USD/EUR,,6M,,430970.66020534834,EUR
FX_VEGA,USD/EUR,,6M,,921657.7961353005,EUR
FX_VEGA,USD/EUR,,6M,,141968.59936681687,GBP
FX_VEGA,GBP/JPY,,1Y,,316994.1753501693,GBP
FX_VEGA,GBP/JPY,,1M,,900858.071241843,USD
FX_VEGA,USD/JPY,,6M,,863768.5605863082,USD
FX_VEGA,USD/EUR,,6M,,889922.3429151328,USD
FX_VEGA,GBP/JPY,,6M,,418041.86632427416,GBP
FX_VEGA,USD/JPY,,1Y,,115311.26009006343,EUR
FX_VEGA,USD/EUR,,6M,,215227.84281647753,GBP
FX_VEGA,GBP/JPY,,6M,,942571.3550857055,GBP
FX_VEGA,USD/JPY,,1M,,479250.8502933657,EUR
FX_VEGA,USD/JPY,,6M,,733681.822954879,EUR
FX_VEGA,USD/JPY,,1Y,,258820.15798650152,USD
FX_VEGA,GBP/JPY,,1M,,157153.97658474385,USD
FX_VEGA,GBP/JPY,,1M,,373314.9386253604,EUR
FX_VEGA,USD/EUR,,1Y,,231063.87574335746,EUR
FX_VEGA,GBP/JPY,,1Y,,488215.65383661515,USD
FX_VEGA,USD/JPY,,1M,,32599.29638448975,GBP
FX_VEGA,GBP/JPY,,6M,,485908.58808094624,GBP
FX_VEGA,GBP/JPY,,1Y,,712114.6251069725,GBP
FX_VEGA,GBP/JPY,,1M,,841826.2017331847,EUR
FX_VEGA,USD/EUR,,1Y,,27719.033330876344,GBP
FX_VEGA,USD/EUR,,1Y,,713950.9923076392,EUR
FX_VEGA,GBP/JPY,,1Y,,156083.35637449787,EUR
FX_VEGA,USD/EUR,,1M,,743667.4733517172,GBP
FX_VEGA,USD/EUR,,6M,,93151.85056767761,USD
FX_VEGA,USD/JPY,,1M,,996290.224769255,USD
FX_VEGA,USD/JPY,,1M,,279836.99278903205,EUR
FX_VEGA,USD/JPY,,1M,,80250.30903973004,EUR
FX_VEGA,USD/JPY,,6M,,583136.4983214034,USD
FX_VEGA,USD/EUR,,1M,,689906.7087448216,EUR
FX_VEGA,USD/JPY,,6M,,775070.9993032797,EUR
FX_VEGA,GBP/JPY,,1Y,,904533.8079564284,USD
FX_VEGA,GBP/JPY,,1M,,888023.3527620106,USD
FX_VEGA,USD/EUR,,6M,,435079.4420884226,EUR
FX_VEGA,USD/EUR,,1Y,,917247.495796196,GBP
FX_VEGA,USD/EUR,,1Y,,951596.611487857,GBP
FX_VEGA,GBP/JPY,,6M,,279071.96713325166,GBP
FX_VEGA,GBP/JPY,,6M,,859751.2300527121,USD
FX_VEGA,USD/EUR,,6M,,764637.875050325,EUR
FX_VEGA,GBP/JPY,,1M,,389222.38855811727,EUR
FX_VEGA,USD/EUR,,1Y,,653664.9664091978,GBP
FX_VEGA,USD/EUR,,6M,,150514.3237159341,EUR
FX_VEGA,USD/JPY,,6M,,880932.9596409969,USD
FX_VEGA,USD/JPY,,1Y,,841488.2152427792,GBP
FX_VEGA,USD/JPY,,6M,,805295.6973941096,EUR
FX_VEGA,GBP/JPY,,1M,,719695.1839927377,EUR
FX_VEGA,GBP/JPY,,1M,,371282.91059134854,GBP
FX_VEGA,USD/JPY,,6M,,689893.5665353326,USD
FX_VEGA,USD/JPY,,1M,,834032.6199847395,EUR
FX_VEGA,USD/JPY,,6M,,544445.9094447433,USD
FX_VEGA,USD/JPY,,6M,,311116.1588733879,USD
FX_VEGA,GBP/JPY,,6M,,395810.859751808,USD
FX_VEGA,USD/JPY,,1M,,84994.16245626693,EUR
FX_VEGA,USD/EUR,,6M,,747312.7877817891,GBP
FX_VEGA,GBP/JPY,,1Y,,601720.8297703852,USD
FX_VEGA,GBP/JPY,,1M,,371255.2515300657,EUR
FX_VEGA,USD/JPY,,6M,,700626.2041126369,EUR
FX_VEGA,GBP/JPY,,1M,,473604.6282805335,GBP
FX_VEGA,USD/EUR,,6M,,309884.99349270196,GBP
FX_VEGA,USD/JPY,,1M,,151984.28812121807,EUR
FX_VEGA,USD/EUR,,6M,,467458.7337627237,GBP
FX_VEGA,USD/JPY,,1M,,748985.5988603361,EUR
FX_VEGA,GBP/JPY,,1Y,,340773.4854999002,GBP
FX_VEGA,USD/EUR,,1M,,424759.1156802399,GBP
FX_VEGA,GBP/JPY,,6M,,287075.84010501625,USD
FX_VEGA,GBP/JPY,,1Y,,908563.4961469235,USD
FX_VEGA,GBP/JPY,,6M,,569046.3814433428,EUR
FX_VEGA,GBP/JPY,,1M,,603406.1872137004,GBP
FX_VEGA,GBP/JPY,,6M,,999153.2727020715,USD
FX_VEGA,USD/EUR,,1M,,254340.78868800768,GBP
FX_VEGA,USD/EUR,,1M,,136214.82982801623,GBP
FX_VEGA,USD/EUR,,6M,,591861.5960113549,EUR
FX_VEGA,USD/EUR,,1M,,542650.6170606294,EUR
FX_VEGA,USD/JPY,,6M,,405528.9728166555,GBP
FX_VEGA,USD/EUR,,6M,,605091.2959126005,EUR
FX_VEGA,GBP/JPY,,1Y,,339833.87112873764,EUR
FX_VEGA,USD/EUR,,6M,,446131.7948691258,GBP
FX_VEGA,USD/EUR,,1M,,66261.1593713385,EUR
FX_VEGA,USD/JPY,,1M,,403521.9906372169,EUR
FX_VEGA,USD/EUR,,1M,,279993.0832662312,USD
FX_VEGA,USD/EUR,,1Y,,580126.1596846108,GBP
FX_VEGA,USD/JPY,,6M,,576605.2511053958,EUR
FX_VEGA,USD/EUR,,6M,,645660.7668489056,EUR
FX_VEGA,GBP/JPY,,6M,,574014.0693795206,USD
FX_VEGA,USD/EUR,,1M,,128621.08072170387,GBP
FX_VEGA,USD/JPY,,1Y,,113621.71607267365,EUR
FX_VEGA,USD/EUR,,1M,,817864.4802450829,USD
FX_VEGA,USD/EUR,,6M,,459877.08824082924,EUR
FX_VEGA,GBP/JPY,,1M,,88262.85369744219,USD
FX_VEGA,USD/EUR,,6M,,569253.4965518048,EUR
FX_VEGA,USD/EUR,,6M,,381380.69605590473,GBP
FX_VEGA,USD/EUR,,6M,,918857.802252994,USD
FX_VEGA,USD/EUR,,1M,,605689.144716811,USD
FX_VEGA,USD/JPY,,1Y,,661371.5253824709,USD
FX_VEGA,GBP/JPY,,1M,,249678.24337839687,GBP
FX_VEGA,USD/JPY,,6M,,381326.8622078493,EUR
FX_VEGA,USD/JPY,,1Y,,440463.14303614217,EUR
FX_VEGA,USD/JPY,,6M,,692880.3278211018,EUR
FX_VEGA,GBP/JPY,,1M,,764673.9217325347,EUR
FX_VEGA,USD/EUR,,1M,,26352.319877128517,USD
FX_VEGA,GBP/JPY,,1Y,,443749.17528319993,GBP
FX_VEGA,USD/EUR,,1M,,907787.1178173964,USD
FX_VEGA,GBP/JPY,,6M,,785586.5798361581,EUR
FX_VEGA,USD/JPY,,6M,,639516.1475430652,GBP
FX_VEGA,GBP/JPY,,1M,,334119.2800571272,EUR
FX_VEGA,USD/JPY,,1Y,,210973.21704649492,EUR
FX_VEGA,USD/JPY,,1M,,646986.562332484,GBP
FX_VEGA,GBP/JPY,,1M,,304973.3340884003,USD
FX_VEGA,USD/JPY,,1M,,284898.9357903047,GBP
FX_VEGA,USD/JPY,,1M,,136246.0804360113,EUR
FX_VEGA,USD/JPY,,1M,,479439.0236221898,GBP
FX_VEGA,GBP/JPY,,1Y,,960303.5157669116,USD
FX_VEGA,GBP/JPY,,1M,,555048.5122223791,EUR
FX_VEGA,GBP/JPY,,1M,,491475.9707961034,GBP
FX_VEGA,USD/JPY,,1Y,,13935.296671019021,GBP
FX_VEGA,USD/EUR,,1Y,,148263.57743175712,GBP
FX_VEGA,USD/EUR,,6M,,421061.0668936612,GBP
FX_VEGA,GBP/JPY,,1M,,474946.66713879304,EUR
FX_VEGA,USD/JPY,,1M,,688590.3141873039,USD
FX_VEGA,USD/EUR,,1M,,827485.7592856121,GBP
FX_VEGA,GBP/JPY,,6M,,106915.69005025215,EUR
FX_VEGA,GBP/JPY,,1Y,,767397.6561227322,GBP
FX_VEGA,GBP/JPY,,6M,,614001.5792301008,USD
FX_VEGA,USD/EUR,,1Y,,497833.0131033647,GBP
FX_VEGA,USD/JPY,,1M,,948700.7938856288,EUR
FX_VEGA,USD/JPY,,6M,,980032.6242750209,EUR
FX_VEGA,USD/EUR,,1M,,373226.9525250604,GBP
FX_VEGA,GBP/JPY,,1M,,982425.7130741097,EUR
FX_VEGA,GBP/JPY,,6M,,314103.891230144,EUR
FX_VEGA,GBP/JPY,,6M,,890952.7572497217,USD
FX_VEGA,USD/EUR,,1M,,945184.9772022486,GBP
FX_VEGA,USD/EUR,,6M,,126077.23893405833,USD
FX_VEGA,GBP/JPY,,6M,,669093.8481973242,EUR
FX_VEGA,USD/EUR,,1M,,739826.3088172319,GBP
FX_VEGA,USD/JPY,,6M,,589051.5885446174,EUR
FX_VEGA,USD/JPY,,6M,,889199.1164431445,GBP
FX_VEGA,USD/JPY,,1M,,543831.3197798016,USD
FX_VEGA,USD/JPY,,1Y,,645107.4513329207,GBP
FX_VEGA,USD/EUR,,1M,,617219.319192525,USD
FX_VEGA,GBP/JPY,,1M,,494072.06764506537,EUR
FX_VEGA,GBP/JPY,,1Y,,894376.7959808168,GBP
FX_VEGA,GBP/JPY,,1M,,579184.0325330113,GBP
FX_VEGA,USD/EUR,,1Y,,649274.7083702922,GBP
FX_VEGA,GBP/JPY,,1Y,,426069.0146888031,EUR
FX_VEGA,USD/JPY,,1Y,,595166.7604765594,USD
FX_VEGA,USD/JPY,,1Y,,186183.68620761955,USD
FX_VEGA,USD/EUR,,1M,,946571.5862193238,GBP
FX_VEGA,USD/EUR,,1M,,384204.30125804234,USD
FX_VEGA,USD/JPY,,6M,,132518.71711972269,USD
FX_VEGA,USD/JPY,,6M,,964782.3785643548,EUR
FX_VEGA,USD/EUR,,1M,,304986.0348690196,GBP
FX_VEGA,USD/EUR,,1M,,507312.5429158253,GBP
FX_VEGA,USD/EUR,,1Y,,123085.8204603879,GBP
FX_VEGA,GBP/JPY,,6M,,902734.777627248,USD
FX_VEGA,USD/JPY,,1Y,,860582.6949061758,EUR
FX_VEGA,USD/JPY,,1M,,821124.5372437711,EUR
FX_VEGA,GBP/JPY,,1M,,54530.19433698269,USD
FX_VEGA,USD/JPY,,1M,,651135.352081679,EUR
FX_VEGA,GBP/JPY,,1Y,,871219.3976788344,EUR
FX_VEGA,GBP/JPY,,6M,,409545.3016250386,USD
FX_VEGA,USD/JPY,,1M,,244508.84426210544,GBP
FX_VEGA,USD/EUR,,1M,,82204.56951903412,EUR
FX_VEGA,USD/EUR,,6M,,171322.63652190703,USD
FX_VEGA,GBP/JPY,,1Y,,471367.224454604,GBP
FX_VEGA,USD/JPY,,1M,,466047.5562692774,EUR
FX_VEGA,GBP/JPY,,6M,,169639.56120134587,USD
FX_VEGA,GBP/JPY,,6M,,917213.8335036148,GBP
FX_VEGA,USD/JPY,,6M,,972837.0045451898,USD
FX_VEGA,USD/JPY,,1Y,,288687.5238553569,EUR
FX_VEGA,USD/EUR,,1Y,,436881.86332998745,USD
FX_VEGA,USD/EUR,,6M,,628327.9752981146,GBP
FX_VEGA,USD/EUR,,1Y,,915254.1484158748,EUR
FX_VEGA,USD/EUR,,6M,,762970.1753556493,USD
FX_VEGA,USD/JPY,,1M,,551551.8638589759,GBP
FX_VEGA,USD/EUR,,6M,,819587.1531826209,USD
FX_VEGA,USD/EUR,,1Y,,64771.61690452084,EUR
FX_VEGA,GBP/JPY,,1M,,544652.6017025656,USD
FX_VEGA,USD/JPY,,1M,,656279.7967133473,GBP
FX_VEGA,USD/JPY,,6M,,879571.8383045096,GBP
FX_VEGA,USD/EUR,,1M,,421765.68020511465,GBP
FX_VEGA,USD/EUR,,1Y,,112331.2111455931,USD
FX_VEGA,USD/EUR,,1M,,109101.90256936754,EUR
FX_VEGA,GBP/JPY,,1M,,561207.9280212707,EUR
FX_VEGA,USD/EUR,,1M,,487531.3561452468,USD
FX_VEGA,USD/EUR,,1Y,,66055.75147170862,EUR
FX_VEGA,USD/JPY,,1Y,,619922.0842751367,GBP
FX_VEGA,GBP/JPY,,1M,,975810.1532651974,EUR
FX_VEGA,USD/EUR,,1Y,,328693.25256837957,EUR
FX_VEGA,USD/EUR,,6M,,594460.2867567323,EUR
FX_VEGA,GBP/JPY,,1Y,,569732.5427120021,EUR
FX_VEGA,USD/EUR,,1Y,,374988.39954919275,EUR
FX_VEGA,USD/EUR,,6M,,482235.9039471274,USD
FX_VEGA,USD/EUR,,1M,,725765.8570306953,EUR
FX_VEGA,USD/JPY,,1M,,57164.10811886034,EUR
FX_VEGA,USD/EUR,,1Y,,288395.431441381,GBP
FX_VEGA,USD/EUR,,6M,,59622.9059642445,USD
FX_VEGA,USD/EUR,,1Y,,374307.8922626128,USD
FX_VEGA,GBP/JPY,,1M,,272822.73167130054,USD
FX_VEGA,USD/JPY,,6M,,419143.80040175474,USD
FX_VEGA,USD/EUR,,6M,,752931.4520557167,GBP
FX_VEGA,USD/JPY,,6M,,704676.2031569688,USD
FX_VEGA,USD/JPY,,1Y,,630968.39188644,USD
FX_VEGA,USD/EUR,,1M,,782544.444511841,USD
FX_VEGA,USD/JPY,,6M,,806655.8700996933,USD
FX_VEGA,GBP/JPY,,1M,,391135.2595251865,EUR
FX_VEGA,USD/EUR,,1Y,,54031.48661420975,GBP
FX_VEGA,USD/EUR,,6M,,386583.9010840706,USD
FX_VEGA,GBP/JPY,,1Y,,736413.010573175,USD
FX_VEGA,GBP/JPY,,1Y,,700028.4697924753,EUR
FX_VEGA,USD/EUR,,1Y,,596962.9435904388,GBP
FX_VEGA,GBP/JPY,,6M,,309433.4443325081,USD
FX_VEGA,USD/JPY,,1M,,460964.58414363326,USD
FX_VEGA,GBP/JPY,,1Y,,231265.81092493338,EUR
FX_VEGA,USD/EUR,,1Y,,104030.30372410174,USD
FX_VEGA,GBP/JPY,,1M,,233074.73069913304,EUR
FX_VEGA,USD/EUR,,1M,,666633.506059718,GBP
FX_VEGA,USD/JPY,,1Y,,809304.9474400525,GBP
FX_VEGA,USD/EUR,,1M,,745215.4517677125,GBP
FX_VEGA,USD/JPY,,1M,,252805.5518632362,USD
FX_VEGA,USD/EUR,,1M,,693944.1447037968,USD
FX_VEGA,USD/JPY,,1Y,,545686.6099921779,GBP
FX_VEGA,GBP/JPY,,1M,,406252.44943048793,EUR
FX_VEGA,USD/EUR,,1M,,452528.8614860949,GBP
FX_VEGA,USD/JPY,,1Y,,400773.9182526166,USD
FX_VEGA,USD/EUR,,1Y,,692712.741721076,GBP
FX_VEGA,USD/JPY,,1M,,863312.0511914566,USD
FX_VEGA,USD/JPY,,1Y,,177113.78404946515,EUR
FX_VEGA,USD/EUR,,1M,,988768.7681003921,EUR
FX_VEGA,GBP/JPY,,6M,,144406.65753404878,EUR
FX_VEGA,USD/JPY,,1Y,,528716.5540034862,USD
FX_VEGA,USD/EUR,,1Y,,616812.601436297,USD
FX_VEGA,GBP/JPY,,6M,,184630.54403238842,GBP
FX_VEGA,USD/EUR,,6M,,691102.1147751197,USD
FX_VEGA,USD/EUR,,6M,,205822.36486094593,EUR
FX_VEGA,GBP/JPY,,1Y,,426476.62268610456,EUR
FX_VEGA,USD/JPY,,1M,,198371.7733941746,USD
FX_VEGA,GBP/JPY,,1Y,,941059.6644508266,USD
FX_VEGA,GBP/JPY,,1Y,,858044.1031044062,GBP
FX_VEGA,GBP/JPY,,1M,,402993.2830041539,GBP
FX_VEGA,USD/JPY,,1M,,144583.00570633792,GBP
FX_VEGA,USD/EUR,,6M,,760929.4548712296,EUR
FX_VEGA,USD/EUR,,1M,,611188.1910493899,USD
FX_VEGA,GBP/JPY,,1Y,,805978.4575531415,EUR
FX_VEGA,USD/EUR,,1M,,337950.999473381,USD
FX_VEGA,USD/EUR,,1Y,,921769.079668358,USD
FX_VEGA,GBP/JPY,,1Y,,983352.297922867,GBP
FX_VEGA,USD/EUR,,1M,,343711.30555806204,GBP
FX_VEGA,USD/EUR,,1Y,,958504.7841210528,GBP
FX_VEGA,GBP/JPY,,1Y,,615586.443229077,EUR
FX_VEGA,USD/JPY,,1M,,312926.472329508,GBP
FX_VEGA,USD/EUR,,6M,,946850.1591275394,USD
FX_VEGA,USD/JPY,,6M,,136547.83858945107,GBP
FX_VEGA,GBP/JPY,,6M,,496288.26207546284,GBP
FX_VEGA,USD/EUR,,1Y,,573035.4306011482,EUR
FX_VEGA,USD/JPY,,1Y,,757020.787972571,USD
FX_VEGA,GBP/JPY,,1Y,,408145.3634610054,USD
FX_VEGA,GBP/JPY,,1M,,876328.1745363666,EUR
FX_VEGA,USD/EUR,,1M,,95820.3924672584,EUR
FX_VEGA,USD/EUR,,6M,,455894.3535318432,GBP
FX_VEGA,GBP/JPY,,1M,,239708.9596875447,EUR
FX_VEGA,USD/EUR,,1Y,,820046.5618768844,USD
FX_VEGA,USD/JPY,,6M,,152988.37873126016,EUR
FX_VEGA,GBP/JPY,,1Y,,235170.6619627423,EUR
FX_VEGA,USD/JPY,,1Y,,231633.46106374724,GBP
FX_VEGA,GBP/JPY,,6M,,564886.2958697666,USD
FX_VEGA,USD/JPY,,1Y,,840646.085057192,EUR
FX_VEGA,USD/EUR,,1M,,311213.95912288595,EUR
FX_VEGA,USD/EUR,,6M,,891751.0250792907,GBP
FX_VEGA,USD/EUR,,1Y,,865380.5729949694,EUR
FX_VEGA,USD/EUR,,1M,,87113.9000688131,USD
FX_VEGA,USD/JPY,,6M,,290365.08870886726,GBP
FX_VEGA,USD/JPY,,6M,,926270.8705387282,GBP
FX_VEGA,USD/EUR,,6M,,251806.9793748939,USD
FX_VEGA,USD/EUR,,1Y,,948943.8529102111,GBP
FX_VEGA,USD/JPY,,6M,,909543.4422086006,EUR
FX_VEGA,GBP/JPY,,6M,,327258.31490835926,EUR
FX_VEGA,USD/EUR,,6M,,113059.69928100694,EUR
FX_VEGA,GBP/JPY,,1M,,997854.4715566871,GBP
FX_VEGA,USD/JPY,,1Y,,258489.34845050913,EUR
FX_VEGA,USD/JPY,,1Y,,577017.4998316705,USD
FX_VEGA,USD/JPY,,6M,,55096.543206219925,USD
FX_VEGA,USD/JPY,,1M,,894308.1923275725,EUR
FX_VEGA,USD/EUR,,1Y,,838706.1249319273,EUR
FX_VEGA,GBP/JPY,,6M,,927689.2527131345,USD
FX_VEGA,USD/JPY,,1Y,,37071.81376134057,EUR
FX_VEGA,USD/EUR,,1M,,108878.6396804002,EUR
FX_VEGA,USD/EUR,,1Y,,56243.555721039775,GBP
FX_VEGA,GBP/JPY,,1Y,,661970.8050323011,GBP
FX_VEGA,GBP/JPY,,1Y,,260416.78556803783,EUR
FX_VEGA,USD/JPY,,6M,,349402.1416655217,USD
FX_VEGA,USD/JPY,,1Y,,330782.13036052417,EUR
FX_VEGA,GBP/JPY,,1Y,,388404.8892225244,USD
FX_VEGA,GBP/JPY,,6M,,235972.9464710541,GBP
FX_VEGA,USD/EUR,,1M,,879926.5757360607,EUR
FX_VEGA,GBP/JPY,,6M,,198830.97030382554,GBP
FX_VEGA,USD/EUR,,1Y,,84229.81062168392,GBP
FX_VEGA,GBP/JPY,,1Y,,970389.6165099422,EUR
FX_VEGA,GBP/JPY,,6M,,750052.5785622797,EUR
FX_VEGA,GBP/JPY,,1M,,111727.90293032638,EUR
FX_VEGA,USD/JPY,,6M,,588366.6021985811,EUR
FX_VEGA,GBP/JPY,,1M,,678296.710802621,EUR
FX_VEGA,GBP/JPY,,1M,,688079.6404831728,GBP
FX_VEGA,USD/EUR,,1M,,540030.7956546185,GBP
FX_VEGA,USD/JPY,,1M,,884844.6034108453,USD
FX_VEGA,GBP/JPY,,6M,,549326.7542082376,GBP
FX_VEGA,GBP/JPY,,1Y,,502810.6300420513,USD
FX_VEGA,GBP/JPY,,1Y,,865812.0618689985,GBP
FX_VEGA,USD/JPY,,1M,,593724.275233695,USD
FX_VEGA,USD/EUR,,1M,,926225.7113202789,EUR
FX_VEGA,USD/EUR,,1M,,632491.3825899126,USD
FX_VEGA,USD/EUR,,1M,,675860.4157894505,USD
FX_VEGA,USD/EUR,,1Y,,86208.75155286999,USD
FX_VEGA,USD/JPY,,1M,,955474.8504490227,USD
FX_VEGA,USD/JPY,,1Y,,371300.85854567244,EUR
FX_VEGA,GBP/JPY,,6M,,736262.2628796075,GBP
FX_VEGA,USD/JPY,,1Y,,509763.5244944759,GBP
FX_VEGA,USD/EUR,,1Y,,473827.6423398272,GBP
FX_VEGA,USD/EUR,,1M,,580683.6410285259,USD
FX_VEGA,USD/JPY,,1Y,,33771.14865474793,GBP
FX_VEGA,USD/EUR,,1M,,433883.7064437777,USD
FX_VEGA,USD/JPY,,1Y,,697991.6671083044,EUR
FX_VEGA,USD/JPY,,1Y,,819870.5950196171,EUR
FX_VEGA,USD/JPY,,1M,,192586.84055973004,GBP
FX_VEGA,USD/EUR,,1Y,,577556.4744088972,EUR
FX_VEGA,GBP/JPY,,1M,,306950.40809093363,EUR
FX_VEGA,GBP/JPY,,6M,,38602.265028063586,EUR
FX_VEGA,USD/EUR,,1M,,467726.45170048554,USD
FX_VEGA,GBP/JPY,,6M,,975100.0099119446,GBP
FX_VEGA,USD/JPY,,6M,,210842.8529174219,USD
FX_VEGA,USD/JPY,,1M,,521538.77285685256,USD
FX_VEGA,USD/EUR,,1M,,36660.70574422049,USD
FX_VEGA,GBP/JPY,,1M,,678088.2463669112,USD
FX_VEGA,GBP/JPY,,1M,,283104.2597546769,GBP
FX_VEGA,USD/JPY,,6M,,343715.7170600983,EUR
FX_VEGA,USD/EUR,,1M,,337007.7074204485,USD
FX_VEGA,USD/JPY,,1M,,871089.9762397852,GBP
FX_VEGA,GBP/JPY,,1M,,256863.8394260315,GBP
FX_VEGA,GBP/JPY,,1M,,760859.7249495143,EUR
FX_VEGA,USD/EUR,,6M,,486388.29959682404,EUR
FX_VEGA,GBP/JPY,,1Y,,443631.16768527456,GBP
FX_VEGA,USD/EUR,,1Y,,13287.667744458278,EUR
FX_VEGA,USD/EUR,,1Y,,273875.4708656339,USD
FX_VEGA,USD/EUR,,1Y,,854601.2309786968,EUR
FX_VEGA,USD/JPY,,6M,,546040.968884213,EUR
FX_VEGA,USD/EUR,,1Y,,625177.7729290358,USD
FX_VEGA,USD/EUR,,6M,,737770.8173094732,GBP
FX_VEGA,GBP/JPY,,1M,,137745.71015957068,GBP
FX_VEGA,USD/JPY,,1M,,275405.07898533164,EUR
FX_VEGA,USD/JPY,,1M,,455592.0246718802,USD
FX_VEGA,USD/EUR,,6M,,613089.9711935472,GBP
FX_VEGA,GBP/JPY,,1Y,,500266.7294405164,GBP
FX_VEGA,USD/EUR,,1Y,,654719.0438850966,EUR
FX_VEGA,GBP/JPY,,1Y,,590371.8910366899,EUR
FX_VEGA,USD/JPY,,6M,,878793.8890482951,EUR
FX_VEGA,USD/JPY,,6M,,308126.65713198547,USD
FX_VEGA,USD/EUR,,6M,,429043.5686280791,EUR
FX_VEGA,USD/JPY,,1M,,258664.56252616303,EUR
FX_VEGA,GBP/JPY,,6M,,300183.7834358528,USD
FX_VEGA,USD/JPY,,6M,,969308.7549029147,USD
FX_VEGA,GBP/JPY,,6M,,121202.84412573068,USD
FX_VEGA,GBP/JPY,,6M,,140912.71768941137,GBP
FX_VEGA,GBP/JPY,,1Y,,36245.93891114876,USD
FX_VEGA,USD/JPY,,1Y,,491458.6525201179,GBP
FX_VEGA,GBP/JPY,,1Y,,885493.9817452205,GBP
FX_VEGA,GBP/JPY,,6M,,37092.927748633774,GBP
FX_VEGA,USD/JPY,,6M,,606188.7716066291,EUR
FX_VEGA,USD/EUR,,6M,,470979.63759440865,GBP
FX_VEGA,GBP/JPY,,6M,,831815.5914864683,USD
FX_VEGA,USD/EUR,,1Y,,700733.8355275561,USD
FX_VEGA,USD/EUR,,1Y,,183378.7907804039,USD
FX_VEGA,GBP/JPY,,1Y,,101708.38309618874,GBP
FX_VEGA,USD/EUR,,1Y,,255731.88111632247,USD
FX_VEGA,GBP/JPY,,6M,,449054.0037788856,GBP
FX_VEGA,USD/JPY,,1Y,,25624.906914281783,GBP
FX_VEGA,USD/EUR,,6M,,681910.8588307368,USD
FX_VEGA,GBP/JPY,,6M,,337744.29909324885,USD
FX_VEGA,GBP/JPY,,1M,,38236.108354068616,GBP
FX_VEGA,USD/EUR,,1M,,572851.4292440335,GBP
FX_VEGA,GBP/JPY,,1Y,,608360.8480190886,EUR
FX_VEGA,USD/JPY,,1Y,,334384.1620721075,GBP
FX_VEGA,USD/EUR,,6M,,752836.3780012333,EUR
FX_VEGA,USD/JPY,,6M,,360023.804464719,EUR
FX_VEGA,USD/JPY,,6M,,926524.4108193081,EUR
FX_VEGA,USD/EUR,,1Y,,150070.80439598815,EUR
FX_VEGA,USD/JPY,,6M,,612592.92610929,GBP
FX_VEGA,GBP/JPY,,1Y,,844502.6336423269,USD
FX_VEGA,USD/JPY,,6M,,584845.7756854855,EUR
FX_VEGA,USD/EUR,,6M,,936135.0998566583,USD
FX_VEGA,USD/JPY,,1Y,,202326.23380314783,EUR
FX_VEGA,USD/EUR,,6M,,46228.222236225076,GBP
FX_VEGA,USD/JPY,,1Y,,131021.52822913528,GBP
FX_VEGA,USD/JPY,,6M,,533815.4724562482,EUR
FX_VEGA,USD/EUR,,1M,,196136.45025925664,EUR
FX_VEGA,USD/JPY,,1M,,297549.2043846701,EUR
FX_VEGA,GBP/JPY,,1M,,479895.57961422607,EUR
FX_VEGA,USD/EUR,,1Y,,304060.89458217024,EUR
FX_VEGA,USD/JPY,,6M,,512083.40387411957,EUR
FX_VEGA,USD/EUR,,1Y,,590611.3712246829,EUR
FX_VEGA,USD/JPY,,1Y,,233536.49577773502,GBP
FX_VEGA,USD/EUR,,1M,,555715.7009570032,EUR
FX_VEGA,GBP/JPY,,1M,,419668.6599034852,EUR
FX_VEGA,GBP/JPY,,6M,,418803.44008291414,USD
